Date,Weekday,RangePips,InRange,BelowP25,AboveP75
2021.05.03,Lun,20.6,1,0,1
2021.05.04,Mar,11.6,1,0,0
2021.05.05,Mie,14.7,1,0,0
2021.05.06,Jue,12.5,1,0,0
2021.05.07,Vie,35.1,0,0,1
2021.05.10,Lun,16.8,1,0,0
2021.05.11,Mar,14.6,1,0,0
2021.05.12,Mie,39.5,0,0,1
2021.05.13,Jue,19.6,1,0,1
2021.05.14,Vie,14.6,1,0,0
2021.05.17,Lun,11.7,1,0,0
2021.05.18,Mar,15.4,1,0,0
2021.05.19,Mie,6.6,0,1,0
2021.05.20,Jue,12.2,1,0,0
2021.05.21,Vie,7.0,0,1,0
2021.05.24,Lun,7.0,0,1,0
2021.05.25,Mar,13.5,1,0,0
2021.05.26,Mie,13.8,1,0,0
2021.05.27,Jue,14.2,1,0,0
2021.05.28,Vie,18.8,1,0,0
2021.06.01,Mar,7.6,0,1,0
2021.06.02,Mie,11.5,1,0,0
2021.06.03,Jue,16.7,1,0,0
2021.06.04,Vie,19.4,1,0,1
2021.06.07,Lun,5.5,0,1,0
2021.06.08,Mar,15.8,1,0,0
2021.06.09,Mie,18.4,1,0,0
2021.06.10,Jue,22.1,1,0,1
2021.06.11,Vie,7.5,0,1,0
2021.06.14,Lun,8.9,1,1,0
2021.06.15,Mar,10.5,1,0,0
2021.06.17,Jue,23.0,1,0,1
2021.06.18,Vie,13.6,1,0,0
2021.06.21,Lun,6.3,0,1,0
2021.06.22,Mar,13.7,1,0,0
2021.06.23,Mie,10.5,1,0,0
2021.06.24,Jue,12.2,1,0,0
2021.06.25,Vie,11.8,1,0,0
2021.06.28,Lun,11.6,1,0,0
2021.06.29,Mar,13.3,1,0,0
2021.06.30,Mie,11.9,1,0,0
2021.07.01,Jue,5.4,0,1,0
2021.07.02,Vie,21.6,1,0,1
2021.07.05,Lun,11.1,1,0,0
2021.07.06,Mar,7.9,0,1,0
2021.07.07,Mie,9.8,1,0,0
2021.07.08,Jue,20.6,1,0,1
2021.07.09,Vie,8.2,1,1,0
2021.07.12,Lun,8.1,1,1,0
2021.07.13,Mar,21.2,1,0,1
2021.07.14,Mie,10.3,1,0,0
2021.07.15,Jue,10.2,1,0,0
2021.07.16,Vie,9.6,1,0,0
2021.07.19,Lun,15.5,1,0,0
2021.07.20,Mar,8.7,1,1,0
2021.07.21,Mie,10.4,1,0,0
2021.07.22,Jue,19.4,1,0,1
2021.07.23,Vie,8.2,1,1,0
2021.07.26,Lun,10.4,1,0,0
2021.07.27,Mar,8.2,1,1,0
2021.07.28,Mie,8.4,1,1,0
2021.07.29,Jue,18.2,1,0,0
2021.07.30,Vie,13.6,1,0,0
2021.08.02,Lun,10.6,1,0,0
2021.08.03,Mar,8.9,1,1,0
2021.08.04,Mie,8.6,1,1,0
2021.08.05,Jue,17.1,1,0,0
2021.08.06,Vie,23.0,1,0,1
2021.08.09,Lun,8.7,1,1,0
2021.08.10,Mar,13.3,1,0,0
2021.08.11,Mie,22.8,1,0,1
2021.08.12,Jue,11.5,1,0,0
2021.08.13,Vie,5.6,0,1,0
2021.08.16,Lun,6.1,0,1,0
2021.08.17,Mar,11.9,1,0,0
2021.08.18,Mie,5.3,0,1,0
2021.08.19,Jue,5.6,0,1,0
2021.08.20,Vie,4.2,0,1,0
2021.08.23,Lun,7.9,0,1,0
2021.08.24,Mar,14.0,1,0,0
2021.08.25,Mie,10.0,1,0,0
2021.08.26,Jue,13.4,1,0,0
2021.08.27,Vie,7.3,0,1,0
2021.08.30,Lun,7.6,0,1,0
2021.08.31,Mar,11.9,1,0,0
2021.09.01,Mie,13.4,1,0,0
2021.09.02,Jue,9.3,1,1,0
2021.09.03,Vie,33.0,0,0,1
2021.09.06,Lun,3.4,0,1,0
2021.09.07,Mar,7.0,0,1,0
2021.09.08,Mie,7.8,0,1,0
2021.09.09,Jue,14.8,1,0,0
2021.09.10,Vie,4.9,0,1,0
2021.09.13,Lun,5.3,0,1,0
2021.09.14,Mar,19.8,1,0,1
2021.09.15,Mie,14.2,1,0,0
2021.09.16,Jue,29.1,1,0,1
2021.09.17,Vie,6.9,0,1,0
2021.09.20,Lun,16.3,1,0,0
2021.09.21,Mar,13.9,1,0,0
2021.09.22,Mie,11.0,1,0,0
2021.09.23,Jue,7.9,0,1,0
2021.09.24,Vie,7.2,0,1,0
2021.09.27,Lun,26.3,1,0,1
2021.09.28,Mar,37.2,0,0,1
2021.09.29,Mie,15.0,1,0,0
2021.09.30,Jue,12.6,1,0,0
2021.10.01,Vie,13.2,1,0,0
2021.10.04,Lun,13.6,1,0,0
2021.10.05,Mar,10.7,1,0,0
2021.10.06,Mie,11.4,1,0,0
2021.10.07,Jue,7.4,0,1,0
2021.10.08,Vie,20.6,1,0,1
2021.10.11,Lun,6.4,0,1,0
2021.10.12,Mar,24.6,1,0,1
2021.10.13,Mie,16.7,1,0,0
2021.10.14,Jue,11.1,1,0,0
2021.10.15,Vie,11.1,1,0,0
2021.10.18,Lun,13.8,1,0,0
2021.10.19,Mar,10.9,1,0,0
2021.10.20,Mie,9.7,1,0,0
2021.10.21,Jue,12.1,1,0,0
2021.10.22,Vie,8.9,1,1,0
2021.10.25,Lun,17.2,1,0,0
2021.10.26,Mar,12.8,1,0,0
2021.10.27,Mie,9.5,1,0,0
2021.10.28,Jue,26.5,1,0,1
2021.10.29,Vie,29.6,1,0,1
2021.11.01,Lun,9.4,1,1,0
2021.11.02,Mar,10.0,1,0,0
2021.11.03,Mie,10.1,1,0,0
2021.11.04,Jue,25.3,1,0,1
2021.11.05,Vie,12.3,1,0,0
2021.11.08,Lun,11.3,1,0,0
2021.11.09,Mar,17.5,1,0,0
2021.11.10,Mie,21.2,1,0,1
2021.11.11,Jue,12.0,1,0,0
2021.11.12,Vie,9.8,1,0,0
2021.11.15,Lun,8.1,1,1,0
2021.11.16,Mar,21.6,1,0,1
2021.11.17,Mie,20.3,1,0,1
2021.11.18,Jue,12.5,1,0,0
2021.11.19,Vie,15.2,1,0,0
2021.11.22,Lun,11.3,1,0,0
2021.11.23,Mar,13.4,1,0,0
2021.11.24,Mie,18.2,1,0,0
2021.11.25,Jue,7.2,0,1,0
2021.11.26,Vie,8.2,1,1,0
2021.11.29,Lun,6.4,0,1,0
2021.11.30,Mar,6.9,0,1,0
2021.12.01,Mie,8.4,1,1,0
2021.12.02,Jue,10.9,1,0,0
2021.12.03,Vie,36.6,0,0,1
2021.12.06,Lun,10.0,1,0,0
2021.12.07,Mar,14.7,1,0,0
2021.12.08,Mie,13.0,1,0,0
2021.12.09,Jue,8.3,1,1,0
2021.12.10,Vie,26.4,1,0,1
2021.12.13,Lun,11.6,1,0,0
2021.12.14,Mar,20.0,1,0,1
2021.12.15,Mie,9.3,1,1,0
2021.12.16,Jue,12.2,1,0,0
2021.12.17,Vie,16.7,1,0,0
2021.12.20,Lun,11.4,1,0,0
2021.12.21,Mar,13.2,1,0,0
2021.12.22,Mie,18.9,1,0,1
2021.12.23,Jue,12.0,1,0,0
2021.12.24,Vie,14.8,1,0,0
2021.12.27,Lun,8.5,1,1,0
2021.12.28,Mar,4.3,0,1,0
2021.12.29,Mie,13.1,1,0,0
2021.12.30,Jue,8.5,1,1,0
2021.12.31,Vie,21.6,1,0,1
2022.01.03,Lun,8.6,1,1,0
2022.01.04,Mar,6.3,0,1,0
2022.01.05,Mie,15.5,1,0,0
2022.01.06,Jue,8.5,1,1,0
2022.01.07,Vie,23.5,1,0,1
2022.01.10,Lun,11.4,1,0,0
2022.01.11,Mar,12.6,1,0,0
2022.01.12,Mie,29.4,1,0,1
2022.01.13,Jue,12.6,1,0,0
2022.01.14,Vie,22.4,1,0,1
2022.01.17,Lun,7.7,0,1,0
2022.01.18,Mar,6.6,0,1,0
2022.01.19,Mie,16.7,1,0,0
2022.01.20,Jue,12.6,1,0,0
2022.01.21,Vie,8.1,1,1,0
2022.01.24,Lun,10.4,1,0,0
2022.01.25,Mar,5.6,0,1,0
2022.01.26,Mie,5.1,0,1,0
2022.01.27,Jue,17.0,1,0,0
2022.01.28,Vie,23.3,1,0,1
2022.01.31,Lun,9.5,1,0,0
2022.02.01,Mar,13.9,1,0,0
2022.02.02,Mie,8.0,0,1,0
2022.02.03,Jue,31.8,0,0,1
2022.02.04,Vie,22.6,1,0,1
2022.02.07,Lun,11.9,1,0,0
2022.02.08,Mar,8.5,1,1,0
2022.02.09,Mie,15.2,1,0,0
2022.02.10,Jue,30.5,0,0,1
2022.02.11,Vie,17.1,1,0,0
2022.02.14,Lun,12.4,1,0,0
2022.02.15,Mar,12.6,1,0,0
2022.02.16,Mie,15.1,1,0,0
2022.02.17,Jue,11.6,1,0,0
2022.02.18,Vie,10.4,1,0,0
2022.02.21,Lun,6.8,0,1,0
2022.02.22,Mar,10.5,1,0,0
2022.02.23,Mie,8.9,1,1,0
2022.02.24,Jue,11.0,1,0,0
2022.02.25,Vie,20.9,1,0,1
2022.02.28,Lun,11.0,1,0,0
2022.03.01,Mar,10.4,1,0,0
2022.03.02,Mie,15.5,1,0,0
2022.03.03,Jue,12.2,1,0,0
2022.03.04,Vie,39.7,0,0,1
2022.03.07,Lun,18.0,1,0,0
2022.03.08,Mar,11.8,1,0,0
2022.03.09,Mie,18.1,1,0,0
2022.03.10,Jue,22.3,1,0,1
2022.03.11,Vie,11.8,1,0,0
2022.03.14,Lun,14.5,1,0,0
2022.03.15,Mar,13.0,1,0,0
2022.03.16,Mie,11.9,1,0,0
2022.03.17,Jue,15.0,1,0,0
2022.03.18,Vie,8.5,1,1,0
2022.03.21,Lun,10.5,1,0,0
2022.03.22,Mar,8.8,1,1,0
2022.03.23,Mie,12.0,1,0,0
2022.03.24,Jue,10.0,1,0,0
2022.03.25,Vie,11.1,1,0,0
2022.03.28,Lun,12.7,1,0,0
2022.03.29,Mar,21.0,1,0,1
2022.03.30,Mie,11.7,1,0,0
2022.03.31,Jue,8.4,1,1,0
2022.04.01,Vie,12.8,1,0,0
2022.04.04,Lun,8.6,1,1,0
2022.04.05,Mar,14.1,1,0,0
2022.04.06,Mie,8.1,1,1,0
2022.04.07,Jue,7.8,0,1,0
2022.04.08,Vie,8.2,1,1,0
2022.04.11,Lun,14.2,1,0,0
2022.04.12,Mar,19.7,1,0,1
2022.04.13,Mie,16.3,1,0,0
2022.04.14,Jue,16.0,1,0,0
2022.04.15,Vie,5.5,0,1,0
2022.04.18,Lun,6.3,0,1,0
2022.04.19,Mar,12.0,1,0,0
2022.04.20,Mie,14.3,1,0,0
2022.04.21,Jue,17.7,1,0,0
2022.04.22,Vie,12.9,1,0,0
2022.04.25,Lun,9.3,1,1,0
2022.04.26,Mar,11.2,1,0,0
2022.04.27,Mie,18.4,1,0,0
2022.04.28,Jue,33.6,0,0,1
2022.04.29,Vie,19.1,1,0,1
2022.05.02,Lun,8.1,1,1,0
2022.05.03,Mar,12.6,1,0,0
2022.05.04,Mie,19.4,1,0,1
2022.05.05,Jue,16.8,1,0,0
2022.05.06,Vie,30.0,0,0,1
2022.05.09,Lun,12.5,1,0,0
2022.05.10,Mar,11.2,1,0,0
2022.05.11,Mie,40.0,0,0,1
2022.05.12,Jue,38.6,0,0,1
2022.05.13,Vie,8.2,1,1,0
2022.05.16,Lun,12.6,1,0,0
2022.05.17,Mar,16.6,1,0,0
2022.05.18,Mie,7.1,0,1,0
2022.05.19,Jue,14.2,1,0,0
2022.05.20,Vie,9.5,1,0,0
2022.05.23,Lun,7.5,0,1,0
2022.05.24,Mar,22.9,1,0,1
2022.05.25,Mie,9.6,1,0,0
2022.05.26,Jue,13.2,1,0,0
2022.05.27,Vie,18.1,1,0,0
2022.05.30,Lun,10.9,1,0,0
2022.05.31,Mar,10.6,1,0,0
2022.06.01,Mie,11.9,1,0,0
2022.06.02,Jue,15.0,1,0,0
2022.06.03,Vie,29.6,1,0,1
2022.06.06,Lun,12.8,1,0,0
2022.06.07,Mar,14.0,1,0,0
2022.06.08,Mie,17.9,1,0,0
2022.06.09,Jue,18.8,1,0,0
2022.06.10,Vie,32.0,0,0,1
2022.06.13,Lun,16.0,1,0,0
2022.06.14,Mar,26.6,1,0,1
2022.06.15,Mie,13.8,1,0,0
2022.06.16,Jue,47.1,0,0,1
2022.06.17,Vie,21.9,1,0,1
2022.06.20,Lun,11.2,1,0,0
2022.06.21,Mar,12.9,1,0,0
2022.06.22,Mie,10.4,1,0,0
2022.06.23,Jue,19.0,1,0,1
2022.06.24,Vie,11.1,1,0,0
2022.06.27,Lun,27.7,1,0,1
2022.06.28,Mar,20.9,1,0,1
2022.06.29,Mie,18.5,1,0,0
2022.06.30,Jue,15.2,1,0,0
2022.07.01,Vie,12.9,1,0,0
2022.07.04,Lun,9.6,1,0,0
2022.07.05,Mar,15.6,1,0,0
2022.07.06,Mie,20.0,1,0,1
2022.07.07,Jue,15.4,1,0,0
2022.07.08,Vie,64.9,0,0,1
2022.07.11,Lun,12.5,1,0,0
2022.07.12,Mar,10.3,1,0,0
2022.07.13,Mie,41.3,0,0,1
2022.07.14,Jue,17.1,1,0,0
2022.07.15,Vie,38.1,0,0,1
2022.07.18,Lun,13.2,1,0,0
2022.07.19,Mar,13.4,1,0,0
2022.07.20,Mie,13.3,1,0,0
2022.07.21,Jue,35.7,0,0,1
2022.07.22,Vie,17.2,1,0,0
2022.07.25,Lun,14.1,1,0,0
2022.07.26,Mar,9.9,1,0,0
2022.07.27,Mie,14.8,1,0,0
2022.07.28,Jue,20.0,1,0,1
2022.07.29,Vie,15.3,1,0,0
2022.08.01,Lun,15.6,1,0,0
2022.08.02,Mar,13.8,1,0,0
2022.08.03,Mie,14.4,1,0,0
2022.08.04,Jue,21.1,1,0,1
2022.08.05,Vie,45.3,0,0,1
2022.08.08,Lun,14.8,1,0,0
2022.08.09,Mar,11.9,1,0,0
2022.08.10,Mie,49.1,0,0,1
2022.08.11,Jue,31.0,0,0,1
2022.08.12,Vie,19.4,1,0,1
2022.08.15,Lun,20.0,1,0,1
2022.08.16,Mar,12.4,1,0,0
2022.08.17,Mie,23.6,1,0,1
2022.08.18,Jue,19.6,1,0,1
2022.08.19,Vie,16.0,1,0,0
2022.08.22,Lun,11.0,1,0,0
2022.08.23,Mar,18.6,1,0,0
2022.08.24,Mie,28.5,1,0,1
2022.08.25,Jue,13.7,1,0,0
2022.08.26,Vie,27.8,1,0,1
2022.08.29,Lun,14.1,1,0,0
2022.08.30,Mar,15.7,1,0,0
2022.08.31,Mie,23.7,1,0,1
2022.09.01,Jue,15.3,1,0,0
2022.09.02,Vie,54.5,0,0,1
2022.09.05,Lun,14.1,1,0,0
2022.09.06,Mar,18.5,1,0,0
2022.09.07,Mie,14.9,1,0,0
2022.09.08,Jue,22.1,1,0,1
2022.09.09,Vie,18.7,1,0,0
2022.09.12,Lun,9.5,1,0,0
2022.09.13,Mar,51.1,0,0,1
2022.09.14,Mie,16.6,1,0,0
2022.09.15,Jue,36.7,0,0,1
2022.09.16,Vie,10.2,1,0,0
2022.09.19,Lun,9.6,1,0,0
2022.09.20,Mar,14.7,1,0,0
2022.09.21,Mie,5.7,0,1,0
2022.09.22,Jue,27.4,1,0,1
2022.09.23,Vie,11.2,1,0,0
2022.09.26,Lun,136.0,0,0,1
2022.09.27,Mar,20.4,1,0,1
2022.09.28,Mie,40.7,0,0,1
2022.09.29,Jue,33.3,0,0,1
2022.09.30,Vie,44.5,0,0,1
2022.10.03,Lun,32.0,0,0,1
2022.10.04,Mar,21.0,1,0,1
2022.10.05,Mie,38.9,0,0,1
2022.10.06,Jue,22.8,1,0,1
2022.10.07,Vie,70.7,0,0,1
2022.10.10,Lun,15.9,1,0,0
2022.10.11,Mar,19.8,1,0,1
2022.10.12,Mie,30.1,0,0,1
2022.10.13,Jue,41.1,0,0,1
2022.10.14,Vie,41.6,0,0,1
2022.10.17,Lun,41.7,0,0,1
2022.10.18,Mar,21.5,1,0,1
2022.10.19,Mie,15.6,1,0,0
2022.10.20,Jue,41.2,0,0,1
2022.10.21,Vie,23.1,1,0,1
2022.10.24,Lun,28.8,1,0,1
2022.10.25,Mar,38.6,0,0,1
2022.10.26,Mie,23.9,1,0,1
2022.10.27,Jue,24.8,1,0,1
2022.10.28,Vie,29.0,1,0,1
2022.10.31,Lun,19.4,1,0,1
2022.11.01,Mar,15.2,1,0,0
2022.11.02,Mie,12.8,1,0,0
2022.11.03,Jue,23.1,1,0,1
2022.11.04,Vie,39.0,0,0,1
2022.11.07,Lun,17.0,1,0,0
2022.11.08,Mar,22.4,1,0,1
2022.11.09,Mie,17.5,1,0,0
2022.11.10,Jue,105.0,0,0,1
2022.11.11,Vie,21.7,1,0,1
2022.11.14,Lun,33.0,0,0,1
2022.11.15,Mar,76.3,0,0,1
2022.11.16,Mie,28.5,1,0,1
2022.11.17,Jue,35.3,0,0,1
2022.11.18,Vie,20.8,1,0,1
2022.11.21,Lun,14.0,1,0,0
2022.11.22,Mar,14.3,1,0,0
2022.11.23,Mie,24.4,1,0,1
2022.11.24,Jue,11.2,1,0,0
2022.11.25,Vie,8.9,1,1,0
2022.11.28,Lun,21.2,1,0,1
2022.11.29,Mar,18.6,1,0,0
2022.11.30,Mie,18.1,1,0,0
2022.12.01,Jue,37.6,0,0,1
2022.12.02,Vie,39.4,0,0,1
2022.12.05,Lun,42.1,0,0,1
2022.12.06,Mar,20.9,1,0,1
2022.12.07,Mie,20.9,1,0,1
2022.12.08,Jue,23.3,1,0,1
2022.12.09,Vie,43.9,0,0,1
2022.12.12,Lun,14.3,1,0,0
2022.12.13,Mar,72.5,0,0,1
2022.12.14,Mie,20.1,1,0,1
2022.12.15,Jue,25.9,1,0,1
2022.12.16,Vie,12.1,1,0,0
2022.12.19,Lun,13.4,1,0,0
2022.12.20,Mar,22.0,1,0,1
2022.12.21,Mie,18.3,1,0,0
2022.12.22,Jue,14.1,1,0,0
2022.12.23,Vie,51.1,0,0,1
2022.12.26,Lun,3.0,0,1,0
2022.12.27,Mar,10.3,1,0,0
2022.12.28,Mie,7.0,0,1,0
2022.12.29,Jue,14.0,1,0,0
2022.12.30,Vie,14.9,1,0,0
2023.01.02,Lun,2.6,0,1,0
2023.01.03,Mar,20.8,1,0,1
2023.01.04,Mie,12.5,1,0,0
2023.01.05,Jue,24.2,1,0,1
2023.01.06,Vie,60.2,0,0,1
2023.01.09,Lun,20.2,1,0,1
2023.01.10,Mar,18.1,1,0,0
2023.01.11,Mie,8.0,0,1,0
2023.01.12,Jue,62.1,0,0,1
2023.01.13,Vie,23.0,1,0,1
2023.01.16,Lun,12.5,1,0,0
2023.01.17,Mar,19.3,1,0,1
2023.01.18,Mie,30.6,0,0,1
2023.01.19,Jue,23.2,1,0,1
2023.01.20,Vie,16.4,1,0,0
2023.01.23,Lun,17.9,1,0,0
2023.01.24,Mar,18.8,1,0,1
2023.01.25,Mie,10.2,1,0,0
2023.01.26,Jue,22.7,1,0,1
2023.01.27,Vie,13.5,1,0,0
2023.01.30,Lun,9.0,1,1,0
2023.01.31,Mar,18.7,1,0,0
2023.02.01,Mie,11.1,1,0,0
2023.02.02,Jue,20.4,1,0,1
2023.02.03,Vie,66.3,0,0,1
2023.02.06,Lun,11.5,1,0,0
2023.02.07,Mar,21.3,1,0,1
2023.02.08,Mie,9.9,1,0,0
2023.02.09,Jue,18.4,1,0,0
2023.02.10,Vie,20.5,1,0,1
2023.02.13,Lun,16.6,1,0,0
2023.02.14,Mar,61.1,0,0,1
2023.02.15,Mie,33.9,0,0,1
2023.02.16,Jue,41.2,0,0,1
2023.02.17,Vie,22.7,1,0,1
2023.02.20,Lun,8.8,1,1,0
2023.02.21,Mar,25.0,1,0,1
2023.02.22,Mie,14.8,1,0,0
2023.02.23,Jue,20.9,1,0,1
2023.02.24,Vie,21.3,1,0,1
2023.02.27,Lun,28.7,1,0,1
2023.02.28,Mar,7.9,0,1,0
2023.03.01,Mie,22.4,1,0,1
2023.03.02,Jue,18.7,1,0,0
2023.03.03,Vie,13.6,1,0,0
2023.03.06,Lun,12.7,1,0,0
2023.03.07,Mar,7.5,0,1,0
2023.03.08,Mie,12.8,1,0,0
2023.03.09,Jue,14.1,1,0,0
2023.03.10,Vie,29.9,1,0,1
2023.03.13,Lun,17.5,1,0,0
2023.03.14,Mar,25.4,1,0,1
2023.03.15,Mie,25.0,1,0,1
2023.03.16,Jue,37.8,0,0,1
2023.03.17,Vie,12.5,1,0,0
2023.03.20,Lun,15.8,1,0,0
2023.03.21,Mar,13.8,1,0,0
2023.03.22,Mie,21.0,1,0,1
2023.03.23,Jue,16.3,1,0,0
2023.03.24,Vie,30.2,0,0,1
2023.03.27,Lun,10.8,1,0,0
2023.03.28,Mar,15.4,1,0,0
2023.03.29,Mie,11.6,1,0,0
2023.03.30,Jue,18.0,1,0,0
2023.03.31,Vie,18.7,1,0,0
2023.04.03,Lun,8.3,1,1,0
2023.04.04,Mar,16.3,1,0,0
2023.04.05,Mie,5.8,0,1,0
2023.04.06,Jue,25.2,1,0,1
2023.04.07,Vie,27.1,1,0,1
2023.04.10,Lun,24.9,1,0,1
2023.04.11,Mar,6.4,0,1,0
2023.04.12,Mie,24.2,1,0,1
2023.04.13,Jue,19.7,1,0,1
2023.04.14,Vie,29.4,1,0,1
2023.04.17,Lun,20.4,1,0,1
2023.04.18,Mar,10.8,1,0,0
2023.04.19,Mie,15.3,1,0,0
2023.04.20,Jue,18.1,1,0,0
2023.04.21,Vie,8.0,1,1,0
2023.04.24,Lun,12.4,1,0,0
2023.04.25,Mar,9.7,1,0,0
2023.04.26,Mie,9.9,1,0,0
2023.04.27,Jue,15.7,1,0,0
2023.04.28,Vie,18.4,1,0,0
2023.05.01,Lun,15.5,1,0,0
2023.05.02,Mar,10.8,1,0,0
2023.05.03,Mie,12.8,1,0,0
2023.05.04,Jue,14.3,1,0,0
2023.05.05,Vie,23.8,1,0,1
2023.05.08,Lun,7.1,0,1,0
2023.05.09,Mar,9.1,1,1,0
2023.05.10,Mie,25.4,1,0,1
2023.05.11,Jue,18.9,1,0,1
2023.05.12,Vie,10.7,1,0,0
2023.05.15,Lun,11.9,1,0,0
2023.05.16,Mar,21.3,1,0,1
2023.05.17,Mie,15.5,1,0,0
2023.05.18,Jue,21.1,1,0,1
2023.05.19,Vie,20.5,1,0,1
2023.05.22,Lun,17.2,1,0,0
2023.05.23,Mar,16.2,1,0,0
2023.05.24,Mie,19.2,1,0,1
2023.05.25,Jue,12.8,1,0,0
2023.05.26,Vie,17.2,1,0,0
2023.05.29,Lun,4.5,0,1,0
2023.05.30,Mar,8.8,1,1,0
2023.05.31,Mie,8.7,1,1,0
2023.06.01,Jue,17.1,1,0,0
2023.06.02,Vie,25.4,1,0,1
2023.06.05,Lun,8.7,1,1,0
2023.06.06,Mar,10.0,1,0,0
2023.06.07,Mie,9.6,1,0,0
2023.06.08,Jue,22.2,1,0,1
2023.06.09,Vie,12.5,1,0,0
2023.06.12,Lun,5.0,0,1,0
2023.06.13,Mar,25.4,1,0,1
2023.06.14,Mie,11.8,1,0,0
2023.06.15,Jue,12.6,1,0,0
2023.06.16,Vie,22.6,1,0,1
2023.06.19,Lun,6.0,0,1,0
2023.06.20,Mar,15.7,1,0,0
2023.06.21,Mie,16.7,1,0,0
2023.06.22,Jue,32.3,0,0,1
2023.06.23,Vie,22.4,1,0,1
2023.06.26,Lun,11.0,1,0,0
2023.06.27,Mar,16.5,1,0,0
2023.06.28,Mie,11.0,1,0,0
2023.06.29,Jue,14.3,1,0,0
2023.06.30,Vie,18.7,1,0,0
2023.07.03,Lun,15.1,1,0,0
2023.07.04,Mar,7.6,0,1,0
2023.07.05,Mie,19.0,1,0,1
2023.07.06,Jue,13.6,1,0,0
2023.07.07,Vie,36.7,0,0,1
2023.07.10,Lun,8.7,1,1,0
2023.07.11,Mar,17.7,1,0,0
2023.07.12,Mie,26.3,1,0,1
2023.07.13,Jue,26.2,1,0,1
2023.07.14,Vie,8.4,1,1,0
2023.07.17,Lun,19.8,1,0,1
2023.07.18,Mar,21.8,1,0,1
2023.07.19,Mie,9.1,1,1,0
2023.07.20,Jue,16.2,1,0,0
2023.07.21,Vie,16.6,1,0,0
2023.07.24,Lun,17.1,1,0,0
2023.07.25,Mar,7.2,0,1,0
2023.07.26,Mie,7.4,0,1,0
2023.07.27,Jue,23.4,1,0,1
2023.07.28,Vie,17.1,1,0,0
2023.07.31,Lun,8.4,1,1,0
2023.08.01,Mar,8.2,1,1,0
2023.08.02,Mie,13.8,1,0,0
2023.08.03,Jue,38.8,0,0,1
2023.08.04,Vie,41.4,0,0,1
2023.08.07,Lun,8.5,1,1,0
2023.08.08,Mar,14.2,1,0,0
2023.08.09,Mie,8.5,1,1,0
2023.08.10,Jue,48.0,0,0,1
2023.08.11,Vie,18.8,1,0,0
2023.08.14,Lun,18.8,1,0,1
2023.08.15,Mar,32.7,0,0,1
2023.08.16,Mie,15.5,1,0,0
2023.08.17,Jue,20.9,1,0,1
2023.08.18,Vie,12.4,1,0,0
2023.08.21,Lun,12.6,1,0,0
2023.08.22,Mar,11.3,1,0,0
2023.08.23,Mie,13.9,1,0,0
2023.08.24,Jue,16.8,1,0,0
2023.08.25,Vie,7.7,0,1,0
2023.08.28,Lun,8.3,1,1,0
2023.08.29,Mar,11.3,1,0,0
2023.08.30,Mie,22.6,1,0,1
2023.08.31,Jue,19.2,1,0,1
2023.09.01,Vie,25.6,1,0,1
2023.09.04,Lun,4.7,0,1,0
2023.09.05,Mar,28.3,1,0,1
2023.09.06,Mie,9.0,1,1,0
2023.09.07,Jue,11.2,1,0,0
2023.09.08,Vie,13.2,1,0,0
2023.09.11,Lun,8.3,1,1,0
2023.09.12,Mar,12.9,1,0,0
2023.09.13,Mie,27.3,1,0,1
2023.09.14,Jue,25.6,1,0,1
2023.09.15,Vie,8.1,1,1,0
2023.09.18,Lun,9.8,1,0,0
2023.09.19,Mar,15.0,1,0,0
2023.09.20,Mie,13.9,1,0,0
2023.09.21,Jue,19.0,1,0,1
2023.09.22,Vie,11.4,1,0,0
2023.09.25,Lun,9.8,1,0,0
2023.09.26,Mar,10.4,1,0,0
2023.09.27,Mie,7.4,0,1,0
2023.09.28,Jue,40.4,0,0,1
2023.09.29,Vie,28.7,1,0,1
2023.10.02,Lun,10.5,1,0,0
2023.10.03,Mar,10.9,1,0,0
2023.10.04,Mie,24.0,1,0,1
2023.10.05,Jue,23.9,1,0,1
2023.10.06,Vie,37.3,0,0,1
2023.10.09,Lun,12.4,1,0,0
2023.10.10,Mar,11.3,1,0,0
2023.10.11,Mie,26.5,1,0,1
2023.10.12,Jue,23.5,1,0,1
2023.10.13,Vie,10.5,1,0,0
2023.10.16,Lun,8.1,1,1,0
2023.10.17,Mar,12.7,1,0,0
2023.10.18,Mie,21.9,1,0,1
2023.10.19,Jue,11.7,1,0,0
2023.10.20,Vie,18.6,1,0,0
2023.10.23,Lun,10.5,1,0,0
2023.10.24,Mar,11.9,1,0,0
2023.10.25,Mie,7.8,0,1,0
2023.10.26,Jue,12.4,1,0,0
2023.10.27,Vie,21.3,1,0,1
2023.10.30,Lun,6.5,0,1,0
2023.10.31,Mar,14.3,1,0,0
2023.11.01,Mie,18.0,1,0,0
2023.11.02,Jue,26.6,1,0,1
2023.11.03,Vie,17.3,1,0,0
2023.11.06,Lun,7.1,0,1,0
2023.11.07,Mar,11.7,1,0,0
2023.11.08,Mie,12.1,1,0,0
2023.11.09,Jue,13.9,1,0,0
2023.11.10,Vie,10.0,1,0,0
2023.11.13,Lun,10.4,1,0,0
2023.11.14,Mar,24.9,1,0,1
2023.11.15,Mie,24.9,1,0,1
2023.11.16,Jue,21.9,1,0,1
2023.11.17,Vie,17.5,1,0,0
2023.11.20,Lun,9.9,1,0,0
2023.11.21,Mar,15.0,1,0,0
2023.11.22,Mie,20.1,1,0,1
2023.11.23,Jue,4.3,0,1,0
2023.11.24,Vie,6.7,0,1,0
2023.11.27,Lun,8.0,0,1,0
2023.11.28,Mar,15.5,1,0,0
2023.11.29,Mie,11.9,1,0,0
2023.11.30,Jue,17.4,1,0,0
2023.12.01,Vie,7.9,0,1,0
2023.12.04,Lun,13.0,1,0,0
2023.12.05,Mar,8.0,0,1,0
2023.12.06,Mie,11.6,1,0,0
2023.12.07,Jue,20.0,1,0,1
2023.12.08,Vie,49.1,0,0,1
2023.12.11,Lun,8.7,1,1,0
2023.12.12,Mar,35.0,0,0,1
2023.12.13,Mie,11.3,1,0,0
2023.12.14,Jue,33.3,0,0,1
2023.12.15,Vie,34.4,0,0,1
2023.12.18,Lun,8.8,1,1,0
2023.12.19,Mar,13.0,1,0,0
2023.12.20,Mie,10.1,1,0,0
2023.12.21,Jue,25.4,1,0,1
2023.12.22,Vie,20.5,1,0,1
2023.12.26,Mar,7.3,0,1,0
2023.12.27,Mie,7.4,0,1,0
2023.12.28,Jue,16.6,1,0,0
2023.12.29,Vie,10.1,1,0,0
2024.01.02,Mar,14.4,1,0,0
2024.01.03,Mie,13.1,1,0,0
2024.01.04,Jue,14.7,1,0,0
2024.01.05,Vie,31.1,0,0,1
2024.01.08,Lun,10.6,1,0,0
2024.01.09,Mar,11.7,1,0,0
2024.01.10,Mie,8.2,1,1,0
2024.01.11,Jue,40.6,0,0,1
2024.01.12,Vie,28.2,1,0,1
2024.01.15,Lun,6.2,0,1,0
2024.01.16,Mar,20.3,1,0,1
2024.01.17,Mie,15.8,1,0,0
2024.01.18,Jue,34.8,0,0,1
2024.01.19,Vie,10.1,1,0,0
2024.01.22,Lun,7.2,0,1,0
2024.01.23,Mar,7.4,0,1,0
2024.01.24,Mie,12.6,1,0,0
2024.01.25,Jue,13.1,1,0,0
2024.01.26,Vie,34.8,0,0,1
2024.01.29,Lun,8.3,1,1,0
2024.01.30,Mar,14.7,1,0,0
2024.01.31,Mie,17.3,1,0,0
2024.02.01,Jue,15.4,1,0,0
2024.02.02,Vie,24.5,1,0,1
2024.02.05,Lun,8.5,1,1,0
2024.02.06,Mar,8.5,1,1,0
2024.02.07,Mie,15.1,1,0,0
2024.02.08,Jue,22.0,1,0,1
2024.02.09,Vie,16.6,1,0,0
2024.02.12,Lun,6.5,0,1,0
2024.02.13,Mar,15.1,1,0,0
2024.02.14,Mie,10.4,1,0,0
2024.02.15,Jue,18.9,1,0,1
2024.02.16,Vie,15.3,1,0,0
2024.02.19,Lun,8.1,1,1,0
2024.02.20,Mar,19.5,1,0,1
2024.02.21,Mie,7.2,0,1,0
2024.02.22,Jue,12.8,1,0,0
2024.02.23,Vie,8.5,1,1,0
2024.02.26,Lun,8.4,1,1,0
2024.02.27,Mar,12.1,1,0,0
2024.02.28,Mie,12.8,1,0,0
2024.02.29,Jue,12.3,1,0,0
2024.03.01,Vie,9.0,1,1,0
2024.03.04,Lun,8.5,1,1,0
2024.03.05,Mar,10.0,1,0,0
2024.03.06,Mie,9.6,1,0,0
2024.03.07,Jue,14.9,1,0,0
2024.03.08,Vie,28.7,1,0,1
2024.03.11,Lun,7.5,0,1,0
2024.03.12,Mar,11.8,1,0,0
2024.03.13,Mie,8.3,1,1,0
2024.03.14,Jue,15.0,1,0,0
2024.03.15,Vie,7.3,0,1,0
2024.03.18,Lun,5.2,0,1,0
2024.03.19,Mar,6.0,0,1,0
2024.03.20,Mie,8.0,0,1,0
2024.03.21,Jue,14.0,1,0,0
2024.03.22,Vie,10.1,1,0,0
2024.03.25,Lun,5.8,0,1,0
2024.03.26,Mar,8.1,1,1,0
2024.03.27,Mie,8.8,1,1,0
2024.03.28,Jue,11.2,1,0,0
2024.03.29,Vie,4.5,0,1,0
2024.04.01,Lun,8.8,1,1,0
2024.04.02,Mar,9.8,1,0,0
2024.04.03,Mie,7.2,0,1,0
2024.04.04,Jue,13.1,1,0,0
2024.04.05,Vie,18.5,1,0,0
2024.04.08,Lun,10.3,1,0,0
2024.04.09,Mar,9.9,1,0,0
2024.04.10,Mie,29.9,1,0,1
2024.04.11,Jue,15.6,1,0,0
2024.04.12,Vie,19.7,1,0,1
2024.04.15,Lun,21.2,1,0,1
2024.04.16,Mar,9.5,1,0,0
2024.04.17,Mie,9.1,1,1,0
2024.04.18,Jue,13.5,1,0,0
2024.04.19,Vie,6.6,0,1,0
2024.04.22,Lun,7.7,0,1,0
2024.04.23,Mar,11.4,1,0,0
2024.04.24,Mie,18.1,1,0,0
2024.04.25,Jue,23.0,1,0,1
2024.04.26,Vie,28.5,1,0,1
2024.04.29,Lun,9.4,1,1,0
2024.04.30,Mar,16.4,1,0,0
2024.05.01,Mie,7.8,0,1,0
2024.05.02,Jue,17.6,1,0,0
2024.05.03,Vie,29.1,1,0,1
2024.05.06,Lun,6.4,0,1,0
2024.05.07,Mar,4.9,0,1,0
2024.05.08,Mie,6.5,0,1,0
2024.05.09,Jue,14.7,1,0,0
2024.05.10,Vie,8.4,1,1,0
2024.05.13,Lun,5.0,0,1,0
2024.05.14,Mar,24.5,1,0,1
2024.05.15,Mie,23.2,1,0,1
2024.05.16,Jue,12.2,1,0,0
2024.05.17,Vie,6.4,0,1,0
2024.05.20,Lun,8.5,1,1,0
2024.05.21,Mar,6.4,0,1,0
2024.05.22,Mie,8.9,1,1,0
2024.05.23,Jue,11.2,1,0,0
2024.05.24,Vie,9.6,1,0,0
2024.05.27,Lun,5.8,0,1,0
2024.05.28,Mar,4.7,0,1,0
2024.05.29,Mie,8.9,1,1,0
2024.05.30,Jue,6.1,0,1,0
2024.05.31,Vie,22.2,1,0,1
2024.06.03,Lun,6.4,0,1,0
2024.06.04,Mar,10.5,1,0,0
2024.06.05,Mie,12.0,1,0,0
2024.06.06,Jue,9.8,1,0,0
2024.06.07,Vie,20.6,1,0,1
2024.06.10,Lun,11.0,1,0,0
2024.06.11,Mar,8.8,1,1,0
2024.06.12,Mie,18.9,1,0,1
2024.06.13,Jue,24.5,1,0,1
2024.06.14,Vie,15.1,1,0,0
2024.06.17,Lun,4.4,0,1,0
2024.06.18,Mar,11.0,1,0,0
2024.06.19,Mie,9.8,1,0,0
2024.06.20,Jue,10.3,1,0,0
2024.06.21,Vie,5.5,0,1,0
2024.06.24,Lun,4.6,0,1,0
2024.06.25,Mar,7.7,0,1,0
2024.06.26,Mie,9.0,1,1,0
2024.06.27,Jue,11.1,1,0,0
2024.06.28,Vie,16.3,1,0,0
2024.07.01,Lun,7.9,0,1,0
2024.07.03,Mie,6.4,0,1,0
2024.07.04,Jue,6.3,0,1,0
2024.07.05,Vie,19.2,1,0,1
2024.07.08,Lun,4.2,0,1,0
2024.07.09,Mar,6.1,0,1,0
2024.07.10,Mie,2.6,0,1,0
2024.07.11,Jue,33.6,0,0,1
2024.07.12,Vie,15.7,1,0,0
2024.07.15,Lun,3.5,0,1,0
2024.07.16,Mar,16.2,1,0,0
2024.07.17,Mie,7.6,0,1,0
2024.07.18,Jue,12.2,1,0,0
2024.07.19,Vie,8.0,1,1,0
2024.07.22,Lun,10.2,1,0,0
2024.07.23,Mar,7.1,0,1,0
2024.07.24,Mie,5.7,0,1,0
2024.07.25,Jue,9.6,1,0,0
2024.07.26,Vie,6.0,0,1,0
2024.07.29,Lun,7.1,0,1,0
2024.07.30,Mar,5.9,0,1,0
2024.07.31,Mie,7.9,0,1,0
2024.08.01,Jue,17.8,1,0,0
2024.08.02,Vie,44.6,0,0,1
2024.08.05,Lun,29.1,1,0,1
2024.08.06,Mar,10.4,1,0,0
2024.08.07,Mie,5.8,0,1,0
2024.08.08,Jue,11.6,1,0,0
2024.08.09,Vie,9.0,1,1,0
2024.08.12,Lun,10.9,1,0,0
2024.08.13,Mar,15.6,1,0,0
2024.08.14,Mie,14.2,1,0,0
2024.08.15,Jue,21.5,1,0,1
2024.08.16,Vie,17.3,1,0,0
2024.08.19,Lun,7.7,0,1,0
2024.08.20,Mar,11.2,1,0,0
2024.08.21,Mie,5.9,0,1,0
2024.08.22,Jue,15.2,1,0,0
2024.08.23,Vie,6.1,0,1,0
2024.08.26,Lun,12.4,1,0,0
2024.08.27,Mar,8.1,1,1,0
2024.08.28,Mie,10.6,1,0,0
2024.08.29,Jue,20.7,1,0,1
2024.08.30,Vie,23.4,1,0,1
2024.09.02,Lun,14.1,1,0,0
2024.09.03,Mar,8.4,1,1,0
2024.09.04,Mie,10.6,1,0,0
2024.09.05,Jue,19.1,1,0,1
2024.09.06,Vie,25.8,1,0,1
2024.09.09,Lun,11.9,1,0,0
2024.09.10,Mar,13.2,1,0,0
2024.09.11,Mie,24.5,1,0,1
2024.09.12,Jue,11.7,1,0,0
2024.09.13,Vie,10.6,1,0,0
2024.09.16,Lun,13.3,1,0,0
2024.09.17,Mar,9.9,1,0,0
2024.09.18,Mie,6.8,0,1,0
2024.09.19,Jue,20.6,1,0,1
2024.09.20,Vie,7.0,0,1,0
2024.09.23,Lun,16.4,1,0,0
2024.09.24,Mar,8.6,1,1,0
2024.09.25,Mie,7.0,0,1,0
2024.09.26,Jue,19.9,1,0,1
2024.09.27,Vie,22.8,1,0,1
2024.09.30,Lun,11.5,1,0,0
2024.10.01,Mar,7.4,0,1,0
2024.10.02,Mie,10.9,1,0,0
2024.10.03,Jue,12.3,1,0,0
2024.10.04,Vie,28.0,1,0,1
2024.10.07,Lun,12.4,1,0,0
2024.10.08,Mar,5.8,0,1,0
2024.10.09,Mie,7.2,0,1,0
2024.10.10,Jue,28.1,1,0,1
2024.10.11,Vie,22.6,1,0,1
2024.10.14,Lun,10.0,1,0,0
2024.10.15,Mar,11.3,1,0,0
2024.10.16,Mie,17.0,1,0,0
2024.10.17,Jue,18.9,1,0,1
2024.10.18,Vie,12.0,1,0,0
2024.10.21,Lun,4.7,0,1,0
2024.10.22,Mar,6.1,0,1,0
2024.10.23,Mie,4.9,0,1,0
2024.10.24,Jue,6.9,0,1,0
2024.10.25,Vie,10.9,1,0,0
2024.10.28,Lun,7.0,0,1,0
2024.10.29,Mar,7.1,0,1,0
2024.10.30,Mie,20.6,1,0,1
2024.10.31,Jue,28.8,1,0,1
2024.11.01,Vie,18.3,1,0,0
2024.11.04,Lun,6.3,0,1,0
2024.11.05,Mar,10.5,1,0,0
2024.11.06,Mie,10.8,1,0,0
2024.11.07,Jue,13.0,1,0,0
2024.11.08,Vie,9.9,1,0,0
2024.11.11,Lun,11.2,1,0,0
2024.11.12,Mar,16.6,1,0,0
2024.11.13,Mie,24.8,1,0,1
2024.11.14,Jue,20.4,1,0,1
2024.11.15,Vie,19.1,1,0,1
2024.11.18,Lun,8.4,1,1,0
2024.11.19,Mar,15.9,1,0,0
2024.11.20,Mie,7.1,0,1,0
2024.11.21,Jue,12.9,1,0,0
2024.11.22,Vie,9.9,1,0,0
2024.11.25,Lun,9.0,1,1,0
2024.11.26,Mar,7.3,0,1,0
2024.11.27,Mie,14.3,1,0,0
2024.11.28,Jue,7.1,0,1,0
2024.11.29,Vie,7.4,0,1,0
2024.12.02,Lun,7.4,0,1,0
2024.12.03,Mar,6.9,0,1,0
2024.12.04,Mie,13.7,1,0,0
2024.12.05,Jue,9.4,1,1,0
2024.12.06,Vie,25.1,1,0,1
2024.12.09,Lun,7.5,0,1,0
2024.12.10,Mar,9.7,1,0,0
2024.12.11,Mie,34.2,0,0,1
2024.12.12,Jue,17.9,1,0,0
2024.12.13,Vie,15.7,1,0,0
2024.12.16,Lun,7.0,0,1,0
2024.12.17,Mar,12.2,1,0,0
2024.12.18,Mie,9.0,1,1,0
2024.12.19,Jue,16.1,1,0,0
2024.12.20,Vie,18.9,1,0,1
2024.12.23,Lun,11.2,1,0,0
2024.12.24,Mar,10.0,1,0,0
2024.12.26,Jue,6.5,0,1,0
2024.12.27,Vie,11.1,1,0,0
2024.12.30,Lun,10.0,1,0,0
2024.12.31,Mar,15.7,1,0,0
2025.01.02,Jue,13.7,1,0,0
2025.01.03,Vie,6.1,0,1,0
2025.01.06,Lun,14.5,1,0,0
2025.01.07,Mar,16.6,1,0,0
2025.01.08,Mie,22.8,1,0,1
2025.01.09,Jue,14.3,1,0,0
2025.01.10,Vie,26.7,1,0,1
2025.01.13,Lun,15.0,1,0,0
2025.01.14,Mar,28.1,1,0,1
2025.01.15,Mie,28.8,1,0,1
2025.01.16,Jue,12.7,1,0,0
2025.01.17,Vie,9.1,1,1,0
2025.01.20,Lun,49.8,0,0,1
2025.01.21,Mar,15.8,1,0,0
2025.01.22,Mie,17.5,1,0,0
2025.01.23,Jue,12.5,1,0,0
2025.01.24,Vie,14.8,1,0,0
2025.01.27,Lun,13.8,1,0,0
2025.01.28,Mar,13.0,1,0,0
2025.01.29,Mie,11.7,1,0,0
2025.01.30,Jue,14.6,1,0,0
2025.01.31,Vie,10.6,1,0,0
2025.02.03,Lun,10.1,1,0,0
2025.02.04,Mar,10.0,1,0,0
2025.02.05,Mie,10.3,1,0,0
2025.02.06,Jue,22.0,1,0,1
2025.02.07,Vie,21.7,1,0,1
2025.02.10,Lun,10.3,1,0,0
2025.02.11,Mar,7.0,0,1,0
2025.02.12,Mie,15.9,1,0,0
2025.02.13,Jue,12.4,1,0,0
2025.02.14,Vie,12.8,1,0,0
2025.02.17,Lun,3.9,0,1,0
2025.02.18,Mar,6.5,0,1,0
2025.02.19,Mie,8.8,1,1,0
2025.02.20,Jue,11.6,1,0,0
2025.02.21,Vie,6.3,0,1,0
2025.02.24,Lun,9.9,1,0,0
2025.02.25,Mar,6.4,0,1,0
2025.02.26,Mie,9.2,1,1,0
2025.02.27,Jue,37.5,0,0,1
2025.02.28,Vie,8.6,1,1,0
2025.03.03,Lun,6.5,0,1,0
2025.03.04,Mar,12.4,1,0,0
2025.03.05,Mie,9.0,1,1,0
2025.03.06,Jue,15.3,1,0,0
2025.03.07,Vie,23.9,1,0,1
2025.03.10,Lun,17.6,1,0,0
2025.03.11,Mar,15.6,1,0,0
2025.03.12,Mie,15.9,1,0,0
2025.03.13,Jue,14.9,1,0,0
2025.03.14,Vie,9.9,1,0,0
2025.03.17,Lun,10.0,1,0,0
2025.03.18,Mar,14.0,1,0,0
2025.03.19,Mie,6.8,0,1,0
2025.03.20,Jue,10.1,1,0,0
2025.03.21,Vie,10.3,1,0,0
2025.03.24,Lun,16.3,1,0,0
2025.03.25,Mar,8.0,0,1,0
2025.03.26,Mie,11.4,1,0,0
2025.03.27,Jue,12.0,1,0,0
2025.03.28,Vie,6.3,0,1,0
2025.03.31,Lun,7.8,0,1,0
2025.04.01,Mar,12.4,1,0,0
2025.04.02,Mie,7.3,0,1,0
2025.04.03,Jue,12.9,1,0,0
2025.04.04,Vie,28.4,1,0,1
2025.04.07,Lun,24.3,1,0,1
2025.04.08,Mar,17.9,1,0,0
2025.04.09,Mie,12.5,1,0,0
2025.04.10,Jue,24.1,1,0,1
2025.04.11,Vie,50.5,0,0,1
2025.04.14,Lun,26.8,1,0,1
2025.04.15,Mar,19.8,1,0,1
2025.04.16,Mie,12.9,1,0,0
2025.04.17,Jue,8.8,1,1,0
2025.04.18,Vie,6.1,0,1,0
2025.04.21,Lun,23.2,1,0,1
2025.04.22,Mar,14.9,1,0,0
2025.04.23,Mie,31.4,0,0,1
2025.04.24,Jue,9.6,1,0,0
2025.04.25,Vie,9.4,1,1,0
2025.04.28,Lun,15.9,1,0,0
2025.04.29,Mar,11.9,1,0,0
2025.04.30,Mie,17.5,1,0,0
2025.05.01,Jue,8.4,1,1,0
2025.05.02,Vie,21.4,1,0,1
2025.05.05,Lun,9.0,1,1,0
2025.05.06,Mar,10.9,1,0,0
2025.05.07,Mie,6.6,0,1,0
2025.05.08,Jue,12.5,1,0,0
2025.05.09,Vie,8.5,1,1,0
2025.05.12,Lun,8.9,1,1,0
2025.05.13,Mar,13.2,1,0,0
2025.05.14,Mie,10.0,1,0,0
2025.05.15,Jue,14.2,1,0,0
2025.05.16,Vie,14.4,1,0,0
2025.05.19,Lun,9.5,1,0,0
2025.05.20,Mar,14.5,1,0,0
2025.05.21,Mie,12.4,1,0,0
2025.05.22,Jue,12.5,1,0,0
2025.05.23,Vie,13.0,1,0,0
2025.05.26,Lun,5.3,0,1,0
2025.05.27,Mar,15.8,1,0,0
2025.05.28,Mie,11.7,1,0,0
2025.05.29,Jue,12.4,1,0,0
2025.05.30,Vie,19.2,1,0,1
2025.06.02,Lun,9.0,1,1,0
2025.06.03,Mar,11.0,1,0,0
2025.06.04,Mie,6.0,0,1,0
2025.06.05,Jue,12.6,1,0,0
2025.06.06,Vie,11.8,1,0,0
2025.06.09,Lun,5.4,0,1,0
2025.06.10,Mar,10.4,1,0,0
2025.06.11,Mie,11.9,1,0,0
2025.06.12,Jue,16.1,1,0,0
2025.06.13,Vie,11.0,1,0,0
2025.06.16,Lun,7.0,0,1,0
2025.06.17,Mar,9.7,1,0,0
2025.06.18,Mie,10.3,1,0,0
2025.06.19,Jue,12.1,1,0,0
2025.06.20,Vie,12.9,1,0,0
2025.06.23,Lun,23.6,1,0,1
2025.06.24,Mar,6.5,0,1,0
2025.06.25,Mie,10.7,1,0,0
2025.06.26,Jue,14.7,1,0,0
2025.06.27,Vie,8.9,1,1,0
2025.06.30,Lun,11.3,1,0,0
2025.07.01,Mar,15.2,1,0,0
2025.07.02,Mie,25.8,1,0,1
2025.07.03,Jue,16.1,1,0,0
2025.07.04,Vie,12.1,1,0,0
2025.07.07,Lun,10.4,1,0,0
2025.07.08,Mar,20.1,1,0,1
2025.07.09,Mie,17.2,1,0,0
2025.07.10,Jue,11.2,1,0,0
2025.07.11,Vie,15.8,1,0,0
2025.07.14,Lun,7.8,0,1,0
2025.07.15,Mar,19.0,1,0,1
2025.07.16,Mie,17.2,1,0,0
2025.07.17,Jue,14.0,1,0,0
2025.07.18,Vie,10.1,1,0,0
2025.07.21,Lun,10.5,1,0,0
2025.07.22,Mar,9.5,1,0,0
2025.07.23,Mie,13.0,1,0,0
2025.07.24,Jue,11.7,1,0,0
2025.07.25,Vie,14.3,1,0,0
2025.07.28,Lun,13.7,1,0,0
2025.07.29,Mar,14.1,1,0,0
2025.07.30,Mie,12.9,1,0,0
2025.07.31,Jue,8.3,1,1,0
2025.08.01,Vie,43.8,0,0,1
2025.08.04,Lun,7.2,0,1,0
2025.08.05,Mar,11.0,1,0,0
2025.08.06,Mie,7.3,0,1,0
2025.08.07,Jue,9.5,1,0,0
2025.08.08,Vie,8.3,1,1,0
2025.08.11,Lun,6.8,0,1,0
2025.08.12,Mar,32.4,0,0,1
2025.08.13,Mie,10.7,1,0,0
2025.08.14,Jue,12.8,1,0,0
2025.08.15,Vie,10.8,1,0,0
2025.08.18,Lun,6.7,0,1,0
2025.08.19,Mar,8.5,1,1,0
2025.08.20,Mie,13.9,1,0,0
2025.08.21,Jue,33.3,0,0,1
2025.08.22,Vie,7.5,0,1,0
2025.08.25,Lun,10.4,1,0,0
2025.08.26,Mar,9.2,1,1,0
2025.08.27,Mie,8.1,1,1,0
2025.08.28,Jue,8.4,1,1,0
2025.08.29,Vie,8.3,1,1,0
2025.09.01,Lun,4.5,0,1,0
2025.09.02,Mar,21.4,1,0,1
2025.09.03,Mie,26.0,1,0,1
2025.09.04,Jue,7.3,0,1,0
2025.09.05,Vie,20.3,1,0,1
2025.09.08,Lun,11.0,1,0,0
2025.09.09,Mar,10.8,1,0,0
2025.09.10,Mie,9.8,1,0,0
2025.09.11,Jue,15.4,1,0,0
2025.09.12,Vie,10.1,1,0,0
2025.09.15,Lun,6.6,0,1,0
2025.09.16,Mar,9.8,1,0,0
2025.09.17,Mie,12.1,1,0,0
2025.09.18,Jue,31.5,0,0,1
2025.09.19,Vie,8.7,1,1,0
2025.09.22,Lun,14.5,1,0,0
2025.09.23,Mar,14.1,1,0,0
2025.09.24,Mie,8.6,1,1,0
2025.09.25,Jue,25.1,1,0,1
2025.09.26,Vie,8.4,1,1,0
2025.09.29,Lun,7.4,0,1,0
2025.09.30,Mar,23.8,1,0,1
2025.10.01,Mie,8.5,1,1,0
2025.10.02,Jue,27.2,1,0,1
2025.10.03,Vie,7.9,0,1,0
2025.10.06,Lun,18.0,1,0,0
2025.10.07,Mar,8.8,1,1,0
2025.10.08,Mie,9.4,1,1,0
2025.10.09,Jue,13.4,1,0,0
2025.10.10,Vie,9.6,1,0,0
2025.10.13,Lun,9.2,1,1,0
2025.10.14,Mar,14.3,1,0,0
2025.10.15,Mie,11.7,1,0,0
2025.10.16,Jue,17.6,1,0,0
2025.10.17,Vie,10.9,1,0,0
2025.10.20,Lun,8.9,1,1,0
2025.10.21,Mar,27.1,1,0,1
2025.10.22,Mie,12.2,1,0,0
2025.10.23,Jue,17.1,1,0,0
2025.10.24,Vie,16.3,1,0,0
2025.10.27,Lun,13.4,1,0,0
2025.10.28,Mar,19.1,1,0,1
2025.10.29,Mie,20.3,1,0,1
2025.10.30,Jue,14.7,1,0,0
2025.10.31,Vie,13.9,1,0,0
2025.11.03,Lun,9.8,1,0,0
2025.11.04,Mar,9.7,1,0,0
2025.11.05,Mie,7.2,0,1,0
2025.11.06,Jue,10.0,1,0,0
2025.11.07,Vie,14.4,1,0,0
2025.11.10,Lun,14.9,1,0,0
2025.11.11,Mar,7.9,0,1,0
2025.11.12,Mie,11.6,1,0,0
2025.11.13,Jue,11.0,1,0,0
2025.11.14,Vie,13.6,1,0,0
2025.11.17,Lun,10.8,1,0,0
2025.11.18,Mar,10.4,1,0,0
2025.11.19,Mie,7.8,0,1,0
2025.11.20,Jue,7.3,0,1,0
2025.11.21,Vie,21.6,1,0,1
2025.11.24,Lun,9.2,1,1,0
2025.11.25,Mar,14.0,1,0,0
2025.11.26,Mie,13.8,1,0,0
2025.11.27,Jue,8.1,1,1,0
2025.11.28,Vie,8.2,1,1,0
2025.12.01,Lun,11.1,1,0,0
2025.12.02,Mar,10.9,1,0,0
2025.12.03,Mie,12.9,1,0,0
2025.12.04,Jue,13.1,1,0,0
2025.12.05,Vie,10.8,1,0,0
2025.12.08,Lun,9.4,1,1,0
2025.12.09,Mar,9.4,1,1,0
2025.12.10,Mie,9.2,1,1,0
2025.12.11,Jue,9.3,1,1,0
2025.12.12,Vie,5.4,0,1,0
2025.12.15,Lun,11.1,1,0,0
2025.12.16,Mar,13.8,1,0,0
2025.12.17,Mie,10.7,1,0,0
2025.12.18,Jue,12.8,1,0,0
2025.12.19,Vie,12.5,1,0,0
2025.12.22,Lun,8.9,1,1,0
2025.12.23,Mar,13.3,1,0,0
2025.12.24,Mie,8.6,1,1,0
2025.12.26,Vie,7.6,0,1,0
2025.12.29,Lun,13.3,1,0,0
2025.12.30,Mar,12.6,1,0,0
2025.12.31,Mie,10.3,1,0,0
2026.01.02,Vie,13.2,1,0,0
2026.01.05,Lun,15.0,1,0,0
2026.01.06,Mar,16.0,1,0,0
2026.01.07,Mie,12.6,1,0,0
2026.01.08,Jue,9.3,1,1,0
2026.01.09,Vie,19.8,1,0,1
2026.01.12,Lun,8.3,1,1,0
2026.01.13,Mar,20.3,1,0,1
2026.01.14,Mie,12.7,1,0,0
2026.01.15,Jue,17.1,1,0,0
2026.01.16,Vie,8.2,1,1,0
2026.01.19,Lun,9.5,1,0,0
2026.01.20,Mar,11.6,1,0,0
2026.01.21,Mie,16.1,1,0,0
2026.01.22,Jue,10.8,1,0,0
2026.01.23,Vie,7.8,0,1,0
2026.01.26,Lun,14.6,1,0,0
2026.01.27,Mar,14.1,1,0,0
2026.01.28,Mie,17.9,1,0,0
2026.01.29,Jue,15.3,1,0,0
2026.01.30,Vie,13.2,1,0,0
2026.02.02,Lun,20.6,1,0,1
2026.02.03,Mar,17.2,1,0,0
2026.02.04,Mie,10.3,1,0,0
2026.02.05,Jue,31.7,0,0,1
2026.02.06,Vie,8.9,1,1,0
2026.02.09,Lun,18.9,1,0,1
2026.02.10,Mar,22.6,1,0,1
2026.02.11,Mie,14.4,1,0,0
2026.02.12,Jue,10.2,1,0,0
2026.02.13,Vie,23.7,1,0,1
2026.02.16,Lun,7.3,0,1,0
2026.02.17,Mar,8.7,1,1,0
2026.02.18,Mie,8.8,1,1,0
2026.02.19,Jue,14.0,1,0,0
2026.02.20,Vie,12.5,1,0,0
2026.02.23,Lun,11.9,1,0,0
2026.02.24,Mar,9.8,1,0,0
2026.02.25,Mie,11.5,1,0,0
2026.02.26,Jue,7.2,0,1,0
2026.02.27,Vie,15.5,1,0,0
2026.03.02,Lun,19.2,1,0,1
2026.03.03,Mar,24.1,1,0,1
2026.03.04,Mie,21.1,1,0,1
2026.03.05,Jue,21.2,1,0,1
2026.03.06,Vie,22.8,1,0,1
2026.03.09,Lun,15.9,1,0,0
2026.03.10,Mar,18.9,1,0,1
2026.03.11,Mie,14.7,1,0,0
2026.03.12,Jue,13.7,1,0,0
2026.03.13,Vie,19.5,1,0,1
2026.03.16,Lun,16.1,1,0,0
2026.03.17,Mar,12.6,1,0,0
2026.03.18,Mie,11.6,1,0,0
2026.03.19,Jue,24.6,1,0,1
2026.03.20,Vie,18.7,1,0,0
2026.03.23,Lun,35.6,0,0,1
2026.03.24,Mar,10.9,1,0,0
2026.03.25,Mie,16.6,1,0,0
2026.03.26,Jue,18.6,1,0,0
2026.03.27,Vie,20.7,1,0,1
2026.03.30,Lun,22.3,1,0,1
2026.03.31,Mar,10.0,1,0,0
2026.04.01,Mie,18.6,1,0,0
2026.04.02,Jue,12.3,1,0,0
2026.04.03,Vie,7.4,0,1,0
2026.04.06,Lun,5.2,0,1,0
2026.04.07,Mar,12.4,1,0,0
2026.04.08,Mie,15.2,1,0,0
2026.04.09,Jue,6.1,0,1,0
2026.04.10,Vie,8.3,1,1,0
2026.04.13,Lun,14.9,1,0,0
2026.04.14,Mar,7.3,0,1,0
2026.04.15,Mie,10.2,1,0,0
2026.04.16,Jue,8.2,1,1,0
2026.04.17,Vie,21.2,1,0,1
2026.04.20,Lun,13.7,1,0,0
2026.04.21,Mar,6.8,0,1,0
2026.04.22,Mie,13.8,1,0,0
2026.04.23,Jue,9.2,1,1,0
2026.04.24,Vie,10.1,1,0,0
2026.04.27,Lun,14.1,1,0,0
2026.04.28,Mar,9.6,1,0,0
2026.04.29,Mie,17.4,1,0,0
2026.04.30,Jue,10.7,1,0,0
---,RESUMEN,,,,
n_dias,1295,,,,
Media_pips,15.5,,,,
P25_pips,9.5,MinSL_Pips,,,
Mediana_pips,12.9,,,,
P75_pips,18.8,MaxSL_Pips,,,
P90_pips,25.8,,,,
StdDev_pips,10.0,,,,
ValuePerPip,10.00 $/pip/lote,,,,
Pct_en_rango,79.0%,,,,
