OpenTime,CloseTime,Weekday,Direction,Entry,SL_orig,TP1,TP2,TP3,Lots,SL_Points,RR_TP1,RR_TP2,RR_TP3,BE_Buffer_Pct,TP1_ClosePct,TP2_ClosePct,Phase1Hit,Phase2Hit,ExitType,ClosePrice,PnL_USD,DayFiltered,RangeFiltered,MinSL_Filter,MaxSL_Filter,EntryWindowEnd,ValuePerPoint,LotsCalculated,RiskReal_USD,RangeHigh,RangeLow,SL_Final,BE_Activated,ConfirmOnClose
2025.01.02 00:00,,Thursday,,,,,,,,,,,,82.0,40,40,0,0,filtered_day,,0,1,0,35,120,15
2025.01.03 00:00,,Friday,,,,,,,,,,,,82.0,40,40,0,0,filtered_atr,,0,0,0,35,120,15
2025.01.06 00:00,,Monday,,,,,,,,,,,,82.0,40,40,0,0,filtered_atr,,0,0,0,35,120,15
2025.01.07 17:10,2025.01.07 22:39,Tuesday,sell,21382.89,21472.89,21292.89,21202.89,21112.89,0.01,90.0,1.0,2.0,3.0,82.0,0,0,0,0,tp3,21112.89,54.00,0,0,35,120,15,20.0000,0.0089,18.00,21600.44,21510.44,21472.89,0,1
2025.01.08 00:00,,Wednesday,,,,,,,,,,,,82.0,40,40,0,0,filtered_day,,0,1,0,35,120,15
2025.01.10 00:00,,Friday,,,,,,,,,,,,82.0,40,40,0,0,filtered_atr,,0,0,0,35,120,15
2025.01.13 17:00,2025.01.13 17:29,Monday,buy,20637.25,20556.88,20717.62,20797.99,20878.36,0.01,80.4,1.0,2.0,3.0,82.0,0,0,0,0,sl,20556.88,-16.07,0,0,35,120,15,20.0000,0.0100,16.07,20618.75,20538.38,20556.88,0,1
2025.01.14 00:00,,Tuesday,,,,,,,,,,,,82.0,40,40,0,0,filtered_atr,,0,0,0,35,120,15
2025.01.15 00:00,,Wednesday,,,,,,,,,,,,82.0,40,40,0,0,filtered_day,,0,1,0,35,120,15
2025.01.16 00:00,,Thursday,,,,,,,,,,,,82.0,40,40,0,0,filtered_day,,0,1,0,35,120,15
2025.01.17 00:00,,Friday,,,,,,,,,,,,82.0,40,40,0,0,filtered_atr,,0,0,0,35,120,15
1970.01.01 00:00,2025.01.21 01:00,,,0.00,0.00,0.00,0.00,0.00,0.00,0.0,1.0,2.0,3.0,82.0,0,0,0,0,session,21531.88,5.77,0,0,35,120,15,0.0000,0.0000,0.00,0.00,0.00,0.00,0,0
2025.01.22 00:00,,Wednesday,,,,,,,,,,,,82.0,40,40,0,0,filtered_day,,0,1,0,35,120,15
2025.01.23 00:00,,Thursday,,,,,,,,,,,,82.0,40,40,0,0,filtered_day,,0,1,0,35,120,15
2025.01.27 00:00,,Monday,,,,,,,,,,,,82.0,40,40,0,0,filtered_atr,,0,0,0,35,120,15
2025.01.28 17:00,2025.01.28 20:19,Tuesday,buy,21158.77,21059.69,21257.85,21356.93,21456.01,0.01,99.1,1.0,2.0,3.0,82.0,0,0,0,0,tp3,21456.01,59.45,0,0,35,120,15,20.0000,0.0081,19.82,21133.37,21034.29,21059.69,0,1
2025.01.29 00:00,,Wednesday,,,,,,,,,,,,82.0,40,40,0,0,filtered_day,,0,1,0,35,120,15
2025.01.30 00:00,,Thursday,,,,,,,,,,,,82.0,40,40,0,0,filtered_day,,0,1,0,35,120,15
2025.01.31 17:00,2025.01.31 20:34,Friday,buy,21752.50,21682.62,21822.38,21892.26,21962.14,0.01,69.9,1.0,2.0,3.0,82.0,0,0,0,0,sl,21682.62,-13.98,0,0,35,120,15,20.0000,0.0114,13.98,21720.38,21650.50,21682.62,0,1
2025.02.03 00:00,,Monday,,,,,,,,,,,,82.0,40,40,0,0,filtered_atr,,0,0,0,35,120,15
1970.01.01 00:00,2025.02.05 01:00,,,0.00,0.00,0.00,0.00,0.00,0.00,0.0,1.0,2.0,3.0,82.0,0,0,0,0,session,21476.70,4.55,0,0,35,120,15,0.0000,0.0000,0.00,0.00,0.00,0.00,0,0
2025.02.05 00:00,,Wednesday,,,,,,,,,,,,82.0,40,40,0,0,filtered_day,,0,1,0,35,120,15
2025.02.06 00:00,,Thursday,,,,,,,,,,,,82.0,40,40,0,0,filtered_day,,0,1,0,35,120,15
2025.02.07 17:05,2025.02.07 17:09,Friday,sell,21658.75,21699.13,21618.37,21577.99,21537.61,0.01,40.4,1.0,2.0,3.0,82.0,0,0,0,0,sl,21699.13,-8.08,0,0,35,120,15,20.0000,0.0198,8.08,21870.63,21830.25,21699.13,0,1
1970.01.01 00:00,2025.02.11 01:00,,,0.00,0.00,0.00,0.00,0.00,0.00,0.0,1.0,2.0,3.0,82.0,0,0,0,0,session,21741.36,-0.88,0,0,35,120,15,0.0000,0.0000,0.00,0.00,0.00,0.00,0,0
2025.02.11 00:00,,Tuesday,,,,,,,,,,,,82.0,40,40,0,0,filtered_range,,0,0,1,35,120,15
2025.02.12 00:00,,Wednesday,,,,,,,,,,,,82.0,40,40,0,0,filtered_day,,0,1,0,35,120,15
2025.02.13 00:00,,Thursday,,,,,,,,,,,,82.0,40,40,0,0,filtered_day,,0,1,0,35,120,15
2025.02.14 17:15,2025.02.14 17:39,Friday,buy,22070.42,22031.79,22109.05,22147.68,22186.31,0.02,38.6,1.0,2.0,3.0,82.0,0,0,0,0,sl,22031.79,-15.45,0,0,35,120,15,20.0000,0.0207,15.45,22050.88,22012.25,22031.79,0,1
2025.02.17 00:00,,Monday,,,,,,,,,,,,82.0,40,40,0,0,filtered_range,,0,0,1,35,120,15
2025.02.19 00:00,,Wednesday,,,,,,,,,,,,82.0,40,40,0,0,filtered_day,,0,1,0,35,120,15
2025.02.20 00:00,,Thursday,,,,,,,,,,,,82.0,40,40,0,0,filtered_day,,0,1,0,35,120,15
2025.02.21 17:05,2025.02.21 19:54,Friday,sell,22025.13,22102.26,21948.00,21870.87,21793.74,0.01,77.1,1.0,2.0,3.0,82.0,0,0,0,0,tp3,21793.74,46.28,0,0,35,120,15,20.0000,0.0104,15.43,22107.88,22030.75,22102.26,0,1
2025.02.24 17:00,2025.02.24 19:19,Monday,sell,21501.63,21573.76,21429.50,21357.37,21285.24,0.01,72.1,1.0,2.0,3.0,82.0,0,0,0,0,sl,21573.76,-14.43,0,0,35,120,15,20.0000,0.0111,14.43,21679.38,21607.25,21573.76,0,1
1970.01.01 00:00,2025.02.26 01:00,,,0.00,0.00,0.00,0.00,0.00,0.00,0.0,1.0,2.0,3.0,82.0,0,0,0,0,session,21132.87,13.08,0,0,35,120,15,0.0000,0.0000,0.00,0.00,0.00,0.00,0,0
2025.02.26 00:00,,Wednesday,,,,,,,,,,,,82.0,40,40,0,0,filtered_day,,0,1,0,35,120,15
2025.02.27 00:00,,Thursday,,,,,,,,,,,,82.0,40,40,0,0,filtered_day,,0,1,0,35,120,15
2025.02.28 00:00,,Friday,,,,,,,,,,,,82.0,40,40,0,0,filtered_atr,,0,0,0,35,120,15
2025.03.03 00:00,,Monday,,,,,,,,,,,,82.0,40,40,0,0,filtered_atr,,0,0,0,35,120,15
2025.03.04 00:00,,Tuesday,,,,,,,,,,,,82.0,40,40,0,0,filtered_atr,,0,0,0,35,120,15
2025.03.05 00:00,,Wednesday,,,,,,,,,,,,82.0,40,40,0,0,filtered_day,,0,1,0,35,120,15
2025.03.06 00:00,,Thursday,,,,,,,,,,,,82.0,40,40,0,0,filtered_day,,0,1,0,35,120,15
2025.03.07 00:00,,Friday,,,,,,,,,,,,82.0,40,40,0,0,filtered_atr,,0,0,0,35,120,15
2025.03.10 17:00,2025.03.10 20:04,Monday,sell,19762.38,19855.76,19669.00,19575.62,19482.24,0.01,93.4,1.0,2.0,3.0,82.0,0,0,0,0,tp3,19482.24,56.03,0,0,35,120,15,20.0000,0.0086,18.68,19872.13,19778.75,19855.76,0,1
2025.03.11 00:00,,Tuesday,,,,,,,,,,,,82.0,40,40,0,0,filtered_atr,,0,0,0,35,120,15
2025.03.12 00:00,,Wednesday,,,,,,,,,,,,82.0,40,40,0,0,filtered_day,,0,1,0,35,120,15
2025.03.13 00:00,,Thursday,,,,,,,,,,,,82.0,40,40,0,0,filtered_day,,0,1,0,35,120,15
2025.03.14 17:10,2025.03.14 17:49,Friday,sell,19485.00,19557.50,19412.50,19340.00,19267.50,0.01,72.5,1.0,2.0,3.0,82.0,0,0,0,0,sl,19557.50,-14.50,0,0,35,120,15,20.0000,0.0110,14.50,19588.00,19515.50,19557.50,0,1
2025.03.18 00:00,,Tuesday,,,,,,,,,,,,82.0,40,40,0,0,filtered_range,,0,0,1,35,120,15
2025.03.19 00:00,,Wednesday,,,,,,,,,,,,82.0,40,40,0,0,filtered_day,,0,1,0,35,120,15
2025.03.20 00:00,,Thursday,,,,,,,,,,,,82.0,40,40,0,0,filtered_day,,0,1,0,35,120,15
1970.01.01 00:00,2025.03.24 01:00,,,0.00,0.00,0.00,0.00,0.00,0.00,0.0,1.0,2.0,3.0,82.0,0,0,0,0,tp3,19844.21,65.62,0,0,35,120,15,0.0000,0.0000,0.00,0.00,0.00,0.00,0,0
1970.01.01 00:00,2025.03.25 01:00,,,0.00,0.00,0.00,0.00,0.00,0.00,0.0,1.0,2.0,3.0,82.0,0,0,0,0,session,20155.01,7.43,0,0,35,120,15,0.0000,0.0000,0.00,0.00,0.00,0.00,0,0
2025.03.26 00:00,,Wednesday,,,,,,,,,,,,82.0,40,40,0,0,filtered_day,,0,1,0,35,120,15
2025.03.27 00:00,,Thursday,,,,,,,,,,,,82.0,40,40,0,0,filtered_day,,0,1,0,35,120,15
2025.03.28 17:05,2025.03.28 17:34,Friday,sell,19652.54,19727.92,19577.16,19501.78,19426.40,0.01,75.4,1.0,2.0,3.0,82.0,0,0,0,0,tp3,19426.40,45.23,0,0,35,120,15,20.0000,0.0106,15.08,19748.40,19673.02,19727.92,0,1
1970.01.01 00:00,2025.04.01 01:00,,,0.00,0.00,0.00,0.00,0.00,0.00,0.0,1.0,2.0,3.0,82.0,0,0,0,0,session,19233.51,51.01,0,0,35,120,15,0.0000,0.0000,0.00,0.00,0.00,0.00,0,0
2025.04.01 00:00,,Tuesday,,,,,,,,,,,,82.0,40,40,0,0,filtered_range,,0,0,1,35,120,15
2025.04.02 00:00,,Wednesday,,,,,,,,,,,,82.0,40,40,0,0,filtered_day,,0,1,0,35,120,15
2025.04.03 00:00,,Thursday,,,,,,,,,,,,82.0,40,40,0,0,filtered_day,,0,1,0,35,120,15
2025.04.04 00:00,,Friday,,,,,,,,,,,,82.0,40,40,0,0,filtered_atr,,0,0,0,35,120,15
2025.04.07 00:00,,Monday,,,,,,,,,,,,82.0,40,40,0,0,filtered_atr,,0,0,0,35,120,15
2025.04.08 00:00,,Tuesday,,,,,,,,,,,,82.0,40,40,0,0,filtered_atr,,0,0,0,35,120,15
2025.04.09 00:00,,Wednesday,,,,,,,,,,,,82.0,40,40,0,0,filtered_day,,0,1,0,35,120,15
2025.04.10 00:00,,Thursday,,,,,,,,,,,,82.0,40,40,0,0,filtered_day,,0,1,0,35,120,15
2025.04.11 00:00,,Friday,,,,,,,,,,,,82.0,40,40,0,0,filtered_atr,,0,0,0,35,120,15
2025.04.14 00:00,,Monday,,,,,,,,,,,,82.0,40,40,0,0,filtered_range,,0,0,1,35,120,15
2025.04.15 00:00,,Tuesday,,,,,,,,,,,,82.0,40,40,0,0,filtered_range,,0,0,1,35,120,15
2025.04.16 00:00,,Wednesday,,,,,,,,,,,,82.0,40,40,0,0,filtered_day,,0,1,0,35,120,15
2025.04.17 00:00,,Thursday,,,,,,,,,,,,82.0,40,40,0,0,filtered_day,,0,1,0,35,120,15
1970.01.01 00:00,2025.04.22 01:00,,,0.00,0.00,0.00,0.00,0.00,0.00,0.0,1.0,2.0,3.0,82.0,0,0,0,0,session,17801.51,10.27,0,0,35,120,15,0.0000,0.0000,0.00,0.00,0.00,0.00,0,0
2025.04.22 00:00,,Tuesday,,,,,,,,,,,,82.0,40,40,0,0,filtered_range,,0,0,1,35,120,15
2025.04.23 00:00,,Wednesday,,,,,,,,,,,,82.0,40,40,0,0,filtered_day,,0,1,0,35,120,15
2025.04.24 00:00,,Thursday,,,,,,,,,,,,82.0,40,40,0,0,filtered_day,,0,1,0,35,120,15
2025.04.25 17:00,2025.04.25 17:09,Friday,sell,19150.63,19246.63,19054.63,18958.63,18862.63,0.01,96.0,1.0,2.0,3.0,82.0,0,0,0,0,sl,19246.63,-19.20,0,0,35,120,15,20.0000,0.0083,19.20,19251.75,19155.75,19246.63,0,1
2025.04.28 00:00,,Monday,,,,,,,,,,,,82.0,40,40,0,0,filtered_range,,0,0,1,35,120,15
2025.04.29 00:00,,Tuesday,,,,,,,,,,,,82.0,40,40,0,0,filtered_range,,0,0,1,35,120,15
2025.04.30 00:00,,Wednesday,,,,,,,,,,,,82.0,40,40,0,0,filtered_day,,0,1,0,35,120,15
2025.05.01 00:00,,Thursday,,,,,,,,,,,,82.0,40,40,0,0,filtered_day,,0,1,0,35,120,15
1970.01.01 00:00,2025.05.05 01:00,,,0.00,0.00,0.00,0.00,0.00,0.00,0.0,1.0,2.0,3.0,82.0,0,0,0,0,session,20100.48,11.97,0,0,35,120,15,0.0000,0.0000,0.00,0.00,0.00,0.00,0,0
2025.05.06 17:00,2025.05.06 17:09,Tuesday,sell,19668.40,19733.78,19603.02,19537.64,19472.26,0.01,65.4,1.0,2.0,3.0,82.0,0,0,0,0,sl,19733.78,-13.08,0,0,35,120,15,20.0000,0.0122,13.08,19773.90,19708.52,19733.78,0,1
2025.05.07 00:00,,Wednesday,,,,,,,,,,,,82.0,40,40,0,0,filtered_day,,0,1,0,35,120,15
2025.05.08 00:00,,Thursday,,,,,,,,,,,,82.0,40,40,0,0,filtered_day,,0,1,0,35,120,15
2025.05.13 17:00,2025.05.13 17:54,Tuesday,buy,21043.40,21002.64,21084.16,21124.92,21165.68,0.01,40.8,1.0,2.0,3.0,82.0,0,0,0,0,tp3,21165.68,24.46,0,0,35,120,15,20.0000,0.0196,8.15,20995.73,20954.97,21002.64,0,1
2025.05.14 00:00,,Wednesday,,,,,,,,,,,,82.0,40,40,0,0,filtered_day,,0,1,0,35,120,15
2025.05.15 00:00,,Thursday,,,,,,,,,,,,82.0,40,40,0,0,filtered_day,,0,1,0,35,120,15
2025.05.19 00:00,,Monday,,,,,,,,,,,,82.0,40,40,0,0,filtered_range,,0,0,1,35,120,15
2025.05.21 00:00,,Wednesday,,,,,,,,,,,,82.0,40,40,0,0,filtered_day,,0,1,0,35,120,15
2025.05.22 00:00,,Thursday,,,,,,,,,,,,82.0,40,40,0,0,filtered_day,,0,1,0,35,120,15
2025.05.23 00:00,,Friday,,,,,,,,,,,,82.0,40,40,0,0,filtered_atr,,0,0,0,35,120,15
2025.05.26 00:00,,Monday,,,,,,,,,,,,82.0,40,40,0,0,filtered_range,,0,0,1,35,120,15
1970.01.01 00:00,2025.05.28 01:00,,,0.00,0.00,0.00,0.00,0.00,0.00,0.0,1.0,2.0,3.0,82.0,0,0,0,0,session,21415.36,26.71,0,0,35,120,15,0.0000,0.0000,0.00,0.00,0.00,0.00,0,0
2025.05.28 00:00,,Wednesday,,,,,,,,,,,,82.0,40,40,0,0,filtered_day,,0,1,0,35,120,15
2025.05.29 00:00,,Thursday,,,,,,,,,,,,82.0,40,40,0,0,filtered_day,,0,1,0,35,120,15
2025.05.30 17:00,2025.05.30 17:04,Friday,sell,21210.63,21273.05,21148.21,21085.79,21023.37,0.01,62.4,1.0,2.0,3.0,82.0,0,0,0,0,sl,21273.05,-12.48,0,0,35,120,15,20.0000,0.0128,12.48,21302.35,21239.93,21273.05,0,1
2025.06.02 17:00,2025.06.02 17:29,Monday,sell,21242.98,21329.10,21156.86,21070.74,20984.62,0.01,86.1,1.0,2.0,3.0,82.0,0,0,0,0,sl,21329.10,-17.22,0,0,35,120,15,20.0000,0.0093,17.22,21411.60,21325.48,21329.10,0,1
1970.01.01 00:00,2025.06.04 01:00,,,0.00,0.00,0.00,0.00,0.00,0.00,0.0,1.0,2.0,3.0,82.0,0,0,0,0,session,21646.34,13.36,0,0,35,120,15,0.0000,0.0000,0.00,0.00,0.00,0.00,0,0
2025.06.04 00:00,,Wednesday,,,,,,,,,,,,82.0,40,40,0,0,filtered_day,,0,1,0,35,120,15
2025.06.05 00:00,,Thursday,,,,,,,,,,,,82.0,40,40,0,0,filtered_day,,0,1,0,35,120,15
1970.01.01 00:00,2025.06.10 01:00,,,0.00,0.00,0.00,0.00,0.00,0.00,0.0,1.0,2.0,3.0,82.0,0,0,0,0,session,21795.50,1.17,0,0,35,120,15,0.0000,0.0000,0.00,0.00,0.00,0.00,0,0
2025.06.11 00:00,,Wednesday,,,,,,,,,,,,82.0,40,40,0,0,filtered_day,,0,1,0,35,120,15
2025.06.12 00:00,,Thursday,,,,,,,,,,,,82.0,40,40,0,0,filtered_day,,0,1,0,35,120,15
2025.06.13 17:15,2025.06.13 17:59,Friday,sell,21681.22,21740.09,21622.35,21563.48,21504.61,0.01,58.9,1.0,2.0,3.0,82.0,0,0,0,0,sl,21740.09,-11.77,0,0,35,120,15,20.0000,0.0136,11.77,21772.75,21713.88,21740.09,0,1
1970.01.01 00:00,2025.06.17 01:00,,,0.00,0.00,0.00,0.00,0.00,0.00,0.0,1.0,2.0,3.0,82.0,0,0,0,0,session,21928.60,2.89,0,0,35,120,15,0.0000,0.0000,0.00,0.00,0.00,0.00,0,0
2025.06.17 17:15,2025.06.17 19:49,Tuesday,buy,21885.00,21820.62,21949.38,22013.76,22078.14,0.01,64.4,1.0,2.0,3.0,82.0,0,0,0,0,sl,21820.62,-12.88,0,0,35,120,15,20.0000,0.0124,12.88,21855.43,21791.05,21820.62,0,1
2025.06.18 00:00,,Wednesday,,,,,,,,,,,,82.0,40,40,0,0,filtered_day,,0,1,0,35,120,15
2025.06.19 00:00,,Thursday,,,,,,,,,,,,82.0,40,40,0,0,filtered_day,,0,1,0,35,120,15
2025.06.20 17:00,2025.06.20 17:54,Friday,sell,21794.60,21861.10,21728.10,21661.60,21595.10,0.01,66.5,1.0,2.0,3.0,82.0,0,0,0,0,tp3,21595.10,39.90,0,0,35,120,15,20.0000,0.0120,13.30,21906.60,21840.10,21861.10,0,1
2025.06.23 00:00,,Monday,,,,,,,,,,,,82.0,40,40,0,0,filtered_range,,0,0,1,35,120,15
2025.06.25 00:00,,Wednesday,,,,,,,,,,,,82.0,40,40,0,0,filtered_day,,0,1,0,35,120,15
2025.06.26 00:00,,Thursday,,,,,,,,,,,,82.0,40,40,0,0,filtered_day,,0,1,0,35,120,15
2025.06.27 17:05,2025.06.27 17:59,Friday,buy,22575.40,22533.93,22616.87,22658.34,22699.81,0.01,41.5,1.0,2.0,3.0,82.0,0,0,0,0,sl,22533.93,-8.29,0,0,35,120,15,20.0000,0.0193,8.29,22527.45,22485.98,22533.93,0,1
2025.07.01 17:20,2025.07.01 17:24,Tuesday,buy,22614.88,22572.68,22657.08,22699.28,22741.48,0.01,42.2,1.0,2.0,3.0,82.0,0,0,0,0,sl,22572.68,-8.44,0,0,35,120,15,20.0000,0.0190,8.44,22612.03,22569.83,22572.68,0,1
2025.07.02 00:00,,Wednesday,,,,,,,,,,,,82.0,40,40,0,0,filtered_day,,0,1,0,35,120,15
2025.07.03 00:00,,Thursday,,,,,,,,,,,,82.0,40,40,0,0,filtered_day,,0,1,0,35,120,15
2025.07.08 00:00,,Tuesday,,,,,,,,,,,,82.0,40,40,0,0,filtered_range,,0,0,1,35,120,15
2025.07.09 00:00,,Wednesday,,,,,,,,,,,,82.0,40,40,0,0,filtered_day,,0,1,0,35,120,15
2025.07.10 00:00,,Thursday,,,,,,,,,,,,82.0,40,40,0,0,filtered_day,,0,1,0,35,120,15
1970.01.01 00:00,2025.07.14 01:00,,,0.00,0.00,0.00,0.00,0.00,0.00,0.0,1.0,2.0,3.0,82.0,0,0,0,0,sl,22694.32,-15.45,0,0,35,120,15,0.0000,0.0000,0.00,0.00,0.00,0.00,0,0
2025.07.15 17:20,2025.07.15 17:54,Tuesday,buy,23010.22,22947.79,23072.65,23135.08,23197.51,0.01,62.4,1.0,2.0,3.0,82.0,0,0,0,0,sl,22947.79,-12.49,0,0,35,120,15,20.0000,0.0128,12.49,23008.33,22945.90,22947.79,0,1
2025.07.16 00:00,,Wednesday,,,,,,,,,,,,82.0,40,40,0,0,filtered_day,,0,1,0,35,120,15
2025.07.17 00:00,,Thursday,,,,,,,,,,,,82.0,40,40,0,0,filtered_day,,0,1,0,35,120,15
1970.01.01 00:00,2025.07.21 01:00,,,0.00,0.00,0.00,0.00,0.00,0.00,0.0,1.0,2.0,3.0,82.0,0,0,0,0,session,23075.15,2.14,0,0,35,120,15,0.0000,0.0000,0.00,0.00,0.00,0.00,0,0
1970.01.01 00:00,2025.07.22 01:00,,,0.00,0.00,0.00,0.00,0.00,0.00,0.0,1.0,2.0,3.0,82.0,0,0,0,0,session,23180.23,-10.28,0,0,35,120,15,0.0000,0.0000,0.00,0.00,0.00,0.00,0,0
2025.07.22 17:00,2025.07.22 20:29,Tuesday,sell,22984.95,23086.65,22883.25,22781.55,22679.85,0.01,101.7,1.0,2.0,3.0,82.0,0,0,0,0,sl,23086.65,-20.34,0,0,35,120,15,20.0000,0.0079,20.34,23157.70,23056.00,23086.65,0,1
2025.07.23 00:00,,Wednesday,,,,,,,,,,,,82.0,40,40,0,0,filtered_day,,0,1,0,35,120,15
2025.07.24 00:00,,Thursday,,,,,,,,,,,,82.0,40,40,0,0,filtered_day,,0,1,0,35,120,15
1970.01.01 00:00,2025.07.28 01:00,,,0.00,0.00,0.00,0.00,0.00,0.00,0.0,1.0,2.0,3.0,82.0,0,0,0,0,session,23396.60,29.56,0,0,35,120,15,0.0000,0.0000,0.00,0.00,0.00,0.00,0,0
1970.01.01 00:00,2025.07.30 01:00,,,0.00,0.00,0.00,0.00,0.00,0.00,0.0,1.0,2.0,3.0,82.0,0,0,0,0,session,23317.40,23.22,0,0,35,120,15,0.0000,0.0000,0.00,0.00,0.00,0.00,0,0
2025.07.30 00:00,,Wednesday,,,,,,,,,,,,82.0,40,40,0,0,filtered_day,,0,1,0,35,120,15
2025.07.31 00:00,,Thursday,,,,,,,,,,,,82.0,40,40,0,0,filtered_day,,0,1,0,35,120,15
2025.08.01 00:00,,Friday,,,,,,,,,,,,82.0,40,40,0,0,filtered_atr,,0,0,0,35,120,15
1970.01.01 00:00,2025.08.05 01:00,,,0.00,0.00,0.00,0.00,0.00,0.00,0.0,1.0,2.0,3.0,82.0,0,0,0,0,session,23233.70,20.90,0,0,35,120,15,0.0000,0.0000,0.00,0.00,0.00,0.00,0,0
2025.08.06 00:00,,Wednesday,,,,,,,,,,,,82.0,40,40,0,0,filtered_day,,0,1,0,35,120,15
2025.08.07 00:00,,Thursday,,,,,,,,,,,,82.0,40,40,0,0,filtered_day,,0,1,0,35,120,15
1970.01.01 00:00,2025.08.11 01:00,,,0.00,0.00,0.00,0.00,0.00,0.00,0.0,1.0,2.0,3.0,82.0,0,0,0,0,session,23655.85,18.05,0,0,35,120,15,0.0000,0.0000,0.00,0.00,0.00,0.00,0,0
2025.08.11 17:15,2025.08.11 20:44,Monday,buy,23643.90,23590.90,23696.90,23749.90,23802.90,0.01,53.0,1.0,2.0,3.0,82.0,0,0,0,0,sl,23590.90,-10.60,0,0,35,120,15,20.0000,0.0151,10.60,23633.85,23580.85,23590.90,0,1
2025.08.12 00:00,,Tuesday,,,,,,,,,,,,82.0,40,40,0,0,filtered_atr,,0,0,0,35,120,15
2025.08.13 00:00,,Wednesday,,,,,,,,,,,,82.0,40,40,0,0,filtered_day,,0,1,0,35,120,15
2025.08.14 00:00,,Thursday,,,,,,,,,,,,82.0,40,40,0,0,filtered_day,,0,1,0,35,120,15
2025.08.18 17:00,2025.08.18 17:24,Monday,sell,23658.83,23705.18,23612.48,23566.13,23519.78,0.01,46.3,1.0,2.0,3.0,82.0,0,0,0,0,sl,23705.18,-9.27,0,0,35,120,15,20.0000,0.0173,9.27,23729.60,23683.25,23705.18,0,1
2025.08.20 00:00,,Wednesday,,,,,,,,,,,,82.0,40,40,0,0,filtered_day,,0,1,0,35,120,15
2025.08.21 00:00,,Thursday,,,,,,,,,,,,82.0,40,40,0,0,filtered_day,,0,1,0,35,120,15
1970.01.01 00:00,2025.08.25 01:25,,,0.00,0.00,0.00,0.00,0.00,0.00,0.0,1.0,2.0,3.0,82.0,0,0,0,0,session,23486.15,-2.48,0,0,35,120,15,0.0000,0.0000,0.00,0.00,0.00,0.00,0,0
1970.01.01 00:00,2025.08.26 01:00,,,0.00,0.00,0.00,0.00,0.00,0.00,0.0,1.0,2.0,3.0,82.0,0,0,0,0,session,23438.15,-7.06,0,0,35,120,15,0.0000,0.0000,0.00,0.00,0.00,0.00,0,0
2025.08.27 00:00,,Wednesday,,,,,,,,,,,,82.0,40,40,0,0,filtered_day,,0,1,0,35,120,15
2025.08.28 00:00,,Thursday,,,,,,,,,,,,82.0,40,40,0,0,filtered_day,,0,1,0,35,120,15
1970.01.01 00:00,2025.09.01 01:00,,,0.00,0.00,0.00,0.00,0.00,0.00,0.0,1.0,2.0,3.0,82.0,0,0,0,0,session,23436.38,-0.99,0,0,35,120,15,0.0000,0.0000,0.00,0.00,0.00,0.00,0,0
2025.09.01 00:00,,Monday,,,,,,,,,,,,82.0,40,40,0,0,filtered_range,,0,0,1,35,120,15
2025.09.02 00:00,,Tuesday,,,,,,,,,,,,82.0,40,40,0,0,filtered_atr,,0,0,0,35,120,15
2025.09.03 00:00,,Wednesday,,,,,,,,,,,,82.0,40,40,0,0,filtered_day,,0,1,0,35,120,15
2025.09.04 00:00,,Thursday,,,,,,,,,,,,82.0,40,40,0,0,filtered_day,,0,1,0,35,120,15
2025.09.05 00:00,,Friday,,,,,,,,,,,,82.0,40,40,0,0,filtered_atr,,0,0,0,35,120,15
2025.09.08 17:10,2025.09.08 19:39,Monday,buy,23821.30,23766.04,23876.56,23931.82,23987.08,0.01,55.3,1.0,2.0,3.0,82.0,0,0,0,0,sl,23766.04,-11.05,0,0,35,120,15,20.0000,0.0145,11.05,23818.20,23762.94,23766.04,0,1
2025.09.09 00:00,,Tuesday,,,,,,,,,,,,82.0,40,40,0,0,filtered_range,,0,0,1,35,120,15
2025.09.10 00:00,,Wednesday,,,,,,,,,,,,82.0,40,40,0,0,filtered_day,,0,1,0,35,120,15
2025.09.11 00:00,,Thursday,,,,,,,,,,,,82.0,40,40,0,0,filtered_day,,0,1,0,35,120,15
1970.01.01 00:00,2025.09.15 01:00,,,0.00,0.00,0.00,0.00,0.00,0.00,0.0,1.0,2.0,3.0,82.0,0,0,0,0,session,24094.48,25.49,0,0,35,120,15,0.0000,0.0000,0.00,0.00,0.00,0.00,0,0
1970.01.01 00:00,2025.09.16 01:00,,,0.00,0.00,0.00,0.00,0.00,0.00,0.0,1.0,2.0,3.0,82.0,0,0,0,0,session,24275.60,11.82,0,0,35,120,15,0.0000,0.0000,0.00,0.00,0.00,0.00,0,0
2025.09.16 00:00,,Tuesday,,,,,,,,,,,,82.0,40,40,0,0,filtered_range,,0,0,1,35,120,15
2025.09.17 00:00,,Wednesday,,,,,,,,,,,,82.0,40,40,0,0,filtered_day,,0,1,0,35,120,15
2025.09.18 00:00,,Thursday,,,,,,,,,,,,82.0,40,40,0,0,filtered_day,,0,1,0,35,120,15
2025.09.22 17:00,2025.09.22 21:19,Monday,buy,24625.36,24580.73,24669.99,24714.62,24759.25,0.01,44.6,1.0,2.0,3.0,82.0,0,0,0,0,tp3,24759.25,26.78,0,0,35,120,15,20.0000,0.0179,8.93,24617.10,24572.47,24580.73,0,1
2025.09.23 17:05,2025.09.23 20:44,Tuesday,sell,24698.70,24751.90,24645.50,24592.30,24539.10,0.01,53.2,1.0,2.0,3.0,82.0,0,0,0,0,tp3,24539.10,31.92,0,0,35,120,15,20.0000,0.0150,10.64,24754.45,24701.25,24751.90,0,1
2025.09.24 00:00,,Wednesday,,,,,,,,,,,,82.0,40,40,0,0,filtered_day,,0,1,0,35,120,15
2025.09.25 00:00,,Thursday,,,,,,,,,,,,82.0,40,40,0,0,filtered_day,,0,1,0,35,120,15
2025.09.26 00:00,,Friday,,,,,,,,,,,,82.0,40,40,0,0,filtered_atr,,0,0,0,35,120,15
2025.09.29 16:55,2025.09.29 18:19,Monday,buy,24728.15,24646.90,24809.40,24890.65,24971.90,0.01,81.3,1.0,2.0,3.0,82.0,0,0,0,0,sl,24646.90,-16.25,0,0,35,120,15,20.0000,0.0098,16.25,24723.58,24642.33,24646.90,0,1
2025.10.01 00:00,,Wednesday,,,,,,,,,,,,82.0,40,40,0,0,filtered_day,,0,1,0,35,120,15
2025.10.02 00:00,,Thursday,,,,,,,,,,,,82.0,40,40,0,0,filtered_day,,0,1,0,35,120,15
2025.10.03 17:05,2025.10.03 17:44,Friday,sell,24870.83,24920.44,24821.22,24771.61,24722.00,0.01,49.6,1.0,2.0,3.0,82.0,0,0,0,0,sl,24920.44,-9.92,0,0,35,120,15,20.0000,0.0161,9.92,24955.86,24906.25,24920.44,0,1
2025.10.06 00:00,,Monday,,,,,,,,,,,,82.0,40,40,0,0,filtered_atr,,0,0,0,35,120,15
2025.10.07 00:00,,Tuesday,,,,,,,,,,,,82.0,40,40,0,0,filtered_range,,0,0,1,35,120,15
2025.10.08 00:00,,Wednesday,,,,,,,,,,,,82.0,40,40,0,0,filtered_day,,0,1,0,35,120,15
2025.10.09 00:00,,Thursday,,,,,,,,,,,,82.0,40,40,0,0,filtered_day,,0,1,0,35,120,15
2025.10.13 00:00,,Monday,,,,,,,,,,,,82.0,40,40,0,0,filtered_atr,,0,0,0,35,120,15
2025.10.14 00:00,,Tuesday,,,,,,,,,,,,82.0,40,40,0,0,filtered_atr,,0,0,0,35,120,15
2025.10.15 00:00,,Wednesday,,,,,,,,,,,,82.0,40,40,0,0,filtered_day,,0,1,0,35,120,15
2025.10.16 00:00,,Thursday,,,,,,,,,,,,82.0,40,40,0,0,filtered_day,,0,1,0,35,120,15
2025.10.17 00:00,,Friday,,,,,,,,,,,,82.0,40,40,0,0,filtered_atr,,0,0,0,35,120,15
1970.01.01 00:00,2025.10.21 01:00,,,0.00,0.00,0.00,0.00,0.00,0.00,0.0,1.0,2.0,3.0,82.0,0,0,0,0,session,25163.48,15.61,0,0,35,120,15,0.0000,0.0000,0.00,0.00,0.00,0.00,0,0
2025.10.22 00:00,,Wednesday,,,,,,,,,,,,82.0,40,40,0,0,filtered_day,,0,1,0,35,120,15
2025.10.23 00:00,,Thursday,,,,,,,,,,,,82.0,40,40,0,0,filtered_day,,0,1,0,35,120,15
2025.10.24 17:15,2025.10.24 17:34,Friday,buy,25390.15,25336.00,25444.30,25498.45,25552.60,0.01,54.2,1.0,2.0,3.0,82.0,0,0,0,0,sl,25336.00,-10.83,0,0,35,120,15,20.0000,0.0148,10.83,25382.38,25328.23,25336.00,0,1
1970.01.01 00:00,2025.10.28 01:00,,,0.00,0.00,0.00,0.00,0.00,0.00,0.0,1.0,2.0,3.0,82.0,0,0,0,0,session,25854.48,26.59,0,0,35,120,15,0.0000,0.0000,0.00,0.00,0.00,0.00,0,0
2025.10.29 00:00,,Wednesday,,,,,,,,,,,,82.0,40,40,0,0,filtered_day,,0,1,0,35,120,15
2025.10.30 00:00,,Thursday,,,,,,,,,,,,82.0,40,40,0,0,filtered_day,,0,1,0,35,120,15
1970.01.01 00:00,2025.11.04 01:00,,,0.00,0.00,0.00,0.00,0.00,0.00,0.0,1.0,2.0,3.0,82.0,0,0,0,0,session,25972.03,6.09,0,0,35,120,15,0.0000,0.0000,0.00,0.00,0.00,0.00,0,0
2025.11.04 00:00,,Tuesday,,,,,,,,,,,,82.0,40,40,0,0,filtered_atr,,0,0,0,35,120,15
2025.11.05 00:00,,Wednesday,,,,,,,,,,,,82.0,40,40,0,0,filtered_day,,0,1,0,35,120,15
2025.11.06 00:00,,Thursday,,,,,,,,,,,,82.0,40,40,0,0,filtered_day,,0,1,0,35,120,15
2025.11.07 00:00,,Friday,,,,,,,,,,,,82.0,40,40,0,0,filtered_atr,,0,0,0,35,120,15
2025.11.11 17:20,2025.11.11 19:54,Tuesday,sell,25437.20,25504.43,25369.97,25302.74,25235.51,0.01,67.2,1.0,2.0,3.0,82.0,0,0,0,0,sl,25504.43,-13.45,0,0,35,120,15,20.0000,0.0119,13.45,25541.33,25474.10,25504.43,0,1
2025.11.12 00:00,,Wednesday,,,,,,,,,,,,82.0,40,40,0,0,filtered_day,,0,1,0,35,120,15
2025.11.13 00:00,,Thursday,,,,,,,,,,,,82.0,40,40,0,0,filtered_day,,0,1,0,35,120,15
2025.11.14 00:00,,Friday,,,,,,,,,,,,82.0,40,40,0,0,filtered_atr,,0,0,0,35,120,15
2025.11.17 00:00,,Monday,,,,,,,,,,,,82.0,40,40,0,0,filtered_atr,,0,0,0,35,120,15
2025.11.18 00:00,,Tuesday,,,,,,,,,,,,82.0,40,40,0,0,filtered_atr,,0,0,0,35,120,15
2025.11.19 00:00,,Wednesday,,,,,,,,,,,,82.0,40,40,0,0,filtered_day,,0,1,0,35,120,15
2025.11.20 00:00,,Thursday,,,,,,,,,,,,82.0,40,40,0,0,filtered_day,,0,1,0,35,120,15
2025.11.21 00:00,,Friday,,,,,,,,,,,,82.0,40,40,0,0,filtered_atr,,0,0,0,35,120,15
2025.11.25 00:00,,Tuesday,,,,,,,,,,,,82.0,40,40,0,0,filtered_range,,0,0,1,35,120,15
2025.11.26 00:00,,Wednesday,,,,,,,,,,,,82.0,40,40,0,0,filtered_day,,0,1,0,35,120,15
2025.11.27 00:00,,Thursday,,,,,,,,,,,,82.0,40,40,0,0,filtered_day,,0,1,0,35,120,15
2025.12.01 00:00,,Monday,,,,,,,,,,,,82.0,40,40,0,0,filtered_range,,0,0,1,35,120,15
2025.12.02 17:10,2025.12.02 17:34,Tuesday,buy,25590.56,25498.52,25682.60,25774.64,25866.68,0.01,92.0,1.0,2.0,3.0,82.0,0,0,0,0,sl,25498.52,-18.41,0,0,35,120,15,20.0000,0.0087,18.41,25563.99,25471.95,25498.52,0,1
2025.12.03 00:00,,Wednesday,,,,,,,,,,,,82.0,40,40,0,0,filtered_day,,0,1,0,35,120,15
2025.12.04 00:00,,Thursday,,,,,,,,,,,,82.0,40,40,0,0,filtered_day,,0,1,0,35,120,15
2025.12.05 17:00,2025.12.05 18:19,Friday,buy,25751.53,25649.57,25853.49,25955.45,26057.41,0.01,102.0,1.0,2.0,3.0,82.0,0,0,0,0,sl,25649.57,-20.39,0,0,35,120,15,20.0000,0.0078,20.39,25735.69,25633.73,25649.57,0,1
2025.12.10 00:00,,Wednesday,,,,,,,,,,,,82.0,40,40,0,0,filtered_day,,0,1,0,35,120,15
2025.12.11 00:00,,Thursday,,,,,,,,,,,,82.0,40,40,0,0,filtered_day,,0,1,0,35,120,15
1970.01.01 00:00,2025.12.15 01:00,,,0.00,0.00,0.00,0.00,0.00,0.00,0.0,1.0,2.0,3.0,82.0,0,0,0,0,session,25214.20,39.44,0,0,35,120,15,0.0000,0.0000,0.00,0.00,0.00,0.00,0,0
1970.01.01 00:00,2025.12.16 01:00,,,0.00,0.00,0.00,0.00,0.00,0.00,0.0,1.0,2.0,3.0,82.0,0,0,0,0,session,25090.28,13.68,0,0,35,120,15,0.0000,0.0000,0.00,0.00,0.00,0.00,0,0
2025.12.16 00:00,,Tuesday,,,,,,,,,,,,82.0,40,40,0,0,filtered_atr,,0,0,0,35,120,15
2025.12.17 00:00,,Wednesday,,,,,,,,,,,,82.0,40,40,0,0,filtered_day,,0,1,0,35,120,15
2025.12.18 00:00,,Thursday,,,,,,,,,,,,82.0,40,40,0,0,filtered_day,,0,1,0,35,120,15
2025.12.19 00:00,,Friday,,,,,,,,,,,,82.0,40,40,0,0,filtered_range,,0,0,1,35,120,15
2025.12.22 17:00,2025.12.22 17:14,Monday,buy,25511.53,25449.45,25573.61,25635.69,25697.77,0.01,62.1,1.0,2.0,3.0,82.0,0,0,0,0,sl,25449.45,-12.42,0,0,35,120,15,20.0000,0.0129,12.42,25499.38,25437.30,25449.45,0,1
2025.12.23 17:05,2025.12.23 17:39,Tuesday,sell,25407.26,25465.94,25348.58,25289.90,25231.22,0.01,58.7,1.0,2.0,3.0,82.0,0,0,0,0,sl,25465.94,-11.74,0,0,35,120,15,20.0000,0.0136,11.74,25518.96,25460.28,25465.94,0,1
2025.12.24 00:00,,Wednesday,,,,,,,,,,,,82.0,40,40,0,0,filtered_day,,0,1,0,35,120,15
1970.01.01 00:00,2025.12.29 01:00,,,0.00,0.00,0.00,0.00,0.00,0.00,0.0,1.0,2.0,3.0,82.0,0,0,0,0,session,25658.15,1.18,0,0,35,120,15,0.0000,0.0000,0.00,0.00,0.00,0.00,0,0
2025.12.29 00:00,,Monday,,,,,,,,,,,,82.0,40,40,0,0,filtered_atr,,0,0,0,35,120,15
2025.12.30 16:55,2025.12.30 17:14,Tuesday,buy,25533.23,25469.31,25597.15,25661.07,25724.99,0.01,63.9,1.0,2.0,3.0,82.0,0,0,0,0,sl,25469.31,-12.78,0,0,35,120,15,20.0000,0.0125,12.78,25525.05,25461.13,25469.31,0,1
2025.12.31 00:00,,Wednesday,,,,,,,,,,,,82.0,40,40,0,0,filtered_day,,0,1,0,35,120,15
2026.01.02 00:00,,Friday,,,,,,,,,,,,82.0,40,40,0,0,filtered_range,,0,0,1,35,120,15
2026.01.05 00:00,,Monday,,,,,,,,,,,,82.0,40,40,0,0,filtered_atr,,0,0,0,35,120,15
2026.01.06 17:00,2026.01.06 18:09,Tuesday,buy,25571.18,25461.93,25680.43,25789.68,25898.93,0.01,109.3,1.0,2.0,3.0,82.0,0,0,0,0,sl,25461.93,-21.85,0,0,35,120,15,20.0000,0.0073,21.85,25535.70,25426.45,25461.93,0,1
2026.01.07 00:00,,Wednesday,,,,,,,,,,,,82.0,40,40,0,0,filtered_day,,0,1,0,35,120,15
2026.01.08 00:00,,Thursday,,,,,,,,,,,,82.0,40,40,0,0,filtered_day,,0,1,0,35,120,15
2026.01.09 00:00,,Friday,,,,,,,,,,,,82.0,40,40,0,0,filtered_atr,,0,0,0,35,120,15
1970.01.01 00:00,2026.01.13 01:00,,,0.00,0.00,0.00,0.00,0.00,0.00,0.0,1.0,2.0,3.0,82.0,0,0,0,0,session,25786.08,9.91,0,0,35,120,15,0.0000,0.0000,0.00,0.00,0.00,0.00,0,0
1970.01.01 00:00,2026.01.14 01:00,,,0.00,0.00,0.00,0.00,0.00,0.00,0.0,1.0,2.0,3.0,82.0,0,0,0,0,session,25734.55,9.53,0,0,35,120,15,0.0000,0.0000,0.00,0.00,0.00,0.00,0,0
2026.01.14 00:00,,Wednesday,,,,,,,,,,,,82.0,40,40,0,0,filtered_day,,0,1,0,35,120,15
2026.01.15 00:00,,Thursday,,,,,,,,,,,,82.0,40,40,0,0,filtered_day,,0,1,0,35,120,15
1970.01.01 00:00,2026.01.19 01:00,,,0.00,0.00,0.00,0.00,0.00,0.00,0.0,1.0,2.0,3.0,82.0,0,0,0,0,tp3,25355.95,43.65,0,0,35,120,15,0.0000,0.0000,0.00,0.00,0.00,0.00,0,0
2026.01.19 00:00,,Monday,,,,,,,,,,,,82.0,40,40,0,0,filtered_range,,0,0,1,35,120,15
2026.01.20 00:00,,Tuesday,,,,,,,,,,,,82.0,40,40,0,0,filtered_atr,,0,0,0,35,120,15
2026.01.21 00:00,,Wednesday,,,,,,,,,,,,82.0,40,40,0,0,filtered_day,,0,1,0,35,120,15
2026.01.22 00:00,,Thursday,,,,,,,,,,,,82.0,40,40,0,0,filtered_day,,0,1,0,35,120,15
2026.01.23 00:00,,Friday,,,,,,,,,,,,82.0,40,40,0,0,filtered_atr,,0,0,0,35,120,15
1970.01.01 00:00,2026.01.27 01:00,,,0.00,0.00,0.00,0.00,0.00,0.00,0.0,1.0,2.0,3.0,82.0,0,0,0,0,session,25732.83,4.51,0,0,35,120,15,0.0000,0.0000,0.00,0.00,0.00,0.00,0,0
1970.01.01 00:00,2026.01.28 01:00,,,0.00,0.00,0.00,0.00,0.00,0.00,0.0,1.0,2.0,3.0,82.0,0,0,0,0,session,25981.80,11.37,0,0,35,120,15,0.0000,0.0000,0.00,0.00,0.00,0.00,0,0
2026.01.28 00:00,,Wednesday,,,,,,,,,,,,82.0,40,40,0,0,filtered_day,,0,1,0,35,120,15
2026.01.29 00:00,,Thursday,,,,,,,,,,,,82.0,40,40,0,0,filtered_day,,0,1,0,35,120,15
2026.01.30 00:00,,Friday,,,,,,,,,,,,82.0,40,40,0,0,filtered_atr,,0,0,0,35,120,15
2026.02.02 00:00,,Monday,,,,,,,,,,,,82.0,40,40,0,0,filtered_range,,0,0,1,35,120,15
2026.02.03 00:00,,Tuesday,,,,,,,,,,,,82.0,40,40,0,0,filtered_range,,0,0,1,35,120,15
2026.02.04 00:00,,Wednesday,,,,,,,,,,,,82.0,40,40,0,0,filtered_day,,0,1,0,35,120,15
2026.02.05 00:00,,Thursday,,,,,,,,,,,,82.0,40,40,0,0,filtered_day,,0,1,0,35,120,15
2026.02.06 00:00,,Friday,,,,,,,,,,,,82.0,40,40,0,0,filtered_atr,,0,0,0,35,120,15
2026.02.09 00:00,,Monday,,,,,,,,,,,,82.0,40,40,0,0,filtered_range,,0,0,1,35,120,15
2026.02.10 00:00,,Tuesday,,,,,,,,,,,,82.0,40,40,0,0,filtered_range,,0,0,1,35,120,15
2026.02.11 00:00,,Wednesday,,,,,,,,,,,,82.0,40,40,0,0,filtered_day,,0,1,0,35,120,15
2026.02.12 00:00,,Thursday,,,,,,,,,,,,82.0,40,40,0,0,filtered_day,,0,1,0,35,120,15
2026.02.13 00:00,,Friday,,,,,,,,,,,,82.0,40,40,0,0,filtered_atr,,0,0,0,35,120,15
2026.02.16 17:05,2026.02.16 17:29,Monday,buy,24719.55,24643.18,24795.92,24872.29,24948.66,0.01,76.4,1.0,2.0,3.0,82.0,0,0,0,0,sl,24643.18,-15.27,0,0,35,120,15,20.0000,0.0105,15.27,24699.20,24622.83,24643.18,0,1
2026.02.17 00:00,,Tuesday,,,,,,,,,,,,82.0,40,40,0,0,filtered_atr,,0,0,0,35,120,15
2026.02.18 00:00,,Wednesday,,,,,,,,,,,,82.0,40,40,0,0,filtered_day,,0,1,0,35,120,15
2026.02.19 00:00,,Thursday,,,,,,,,,,,,82.0,40,40,0,0,filtered_day,,0,1,0,35,120,15
2026.02.20 00:00,,Friday,,,,,,,,,,,,82.0,40,40,0,0,filtered_range,,0,0,1,35,120,15
2026.02.23 00:00,,Monday,,,,,,,,,,,,82.0,40,40,0,0,filtered_range,,0,0,1,35,120,15
2026.02.24 00:00,,Tuesday,,,,,,,,,,,,82.0,40,40,0,0,filtered_range,,0,0,1,35,120,15
2026.02.25 00:00,,Wednesday,,,,,,,,,,,,82.0,40,40,0,0,filtered_day,,0,1,0,35,120,15
2026.02.26 00:00,,Thursday,,,,,,,,,,,,82.0,40,40,0,0,filtered_day,,0,1,0,35,120,15
2026.02.27 00:00,,Friday,,,,,,,,,,,,82.0,40,40,0,0,filtered_range,,0,0,1,35,120,15
2026.03.02 00:00,,Monday,,,,,,,,,,,,82.0,40,40,0,0,filtered_atr,,0,0,0,35,120,15
2026.03.03 00:00,,Tuesday,,,,,,,,,,,,82.0,40,40,0,0,filtered_atr,,0,0,0,35,120,15
2026.03.04 00:00,,Wednesday,,,,,,,,,,,,82.0,40,40,0,0,filtered_day,,0,1,0,35,120,15
2026.03.05 00:00,,Thursday,,,,,,,,,,,,82.0,40,40,0,0,filtered_day,,0,1,0,35,120,15
2026.03.06 00:00,,Friday,,,,,,,,,,,,82.0,40,40,0,0,filtered_atr,,0,0,0,35,120,15
2026.03.09 00:00,,Monday,,,,,,,,,,,,82.0,40,40,0,0,filtered_range,,0,0,1,35,120,15
2026.03.10 17:15,2026.03.10 17:29,Tuesday,sell,24903.15,24998.40,24807.90,24712.65,24617.40,0.01,95.3,1.0,2.0,3.0,82.0,0,0,0,0,sl,24998.40,-19.05,0,0,35,120,15,20.0000,0.0084,19.05,25028.03,24932.78,24998.40,0,1
2026.03.11 00:00,,Wednesday,,,,,,,,,,,,82.0,40,40,0,0,filtered_day,,0,1,0,35,120,15
2026.03.12 00:00,,Thursday,,,,,,,,,,,,82.0,40,40,0,0,filtered_day,,0,1,0,35,120,15
2026.03.13 00:00,,Friday,,,,,,,,,,,,82.0,40,40,0,0,filtered_range,,0,0,1,35,120,15
2026.03.16 17:15,2026.03.16 17:34,Monday,buy,24720.90,24652.77,24789.03,24857.16,24925.29,0.01,68.1,1.0,2.0,3.0,82.0,0,0,0,0,sl,24652.77,-13.63,0,0,35,120,15,20.0000,0.0117,13.63,24719.83,24651.70,24652.77,0,1
2026.03.18 00:00,,Wednesday,,,,,,,,,,,,82.0,40,40,0,0,filtered_day,,0,1,0,35,120,15
2026.03.19 00:00,,Thursday,,,,,,,,,,,,82.0,40,40,0,0,filtered_day,,0,1,0,35,120,15
2026.03.20 17:00,2026.03.20 22:39,Friday,sell,24067.95,24156.82,23979.08,23890.21,23801.34,0.01,88.9,1.0,2.0,3.0,82.0,0,0,0,0,tp3,23801.34,53.32,0,0,35,120,15,20.0000,0.0090,17.77,24251.45,24162.58,24156.82,0,1
2026.03.23 00:00,,Monday,,,,,,,,,,,,82.0,40,40,0,0,filtered_atr,,0,0,0,35,120,15
2026.03.24 00:00,,Tuesday,,,,,,,,,,,,82.0,40,40,0,0,filtered_range,,0,0,1,35,120,15
2026.03.25 00:00,,Wednesday,,,,,,,,,,,,82.0,40,40,0,0,filtered_day,,0,1,0,35,120,15
2026.03.26 00:00,,Thursday,,,,,,,,,,,,82.0,40,40,0,0,filtered_day,,0,1,0,35,120,15
2026.03.27 17:00,2026.03.27 18:34,Friday,sell,23286.85,23394.48,23179.22,23071.59,22963.96,0.01,107.6,1.0,2.0,3.0,82.0,0,0,0,0,sl,23394.48,-21.53,0,0,35,120,15,20.0000,0.0074,21.53,23452.13,23344.50,23394.48,0,1
2026.03.30 17:00,2026.03.30 18:09,Monday,sell,23121.08,23230.83,23011.33,22901.58,22791.83,0.01,109.8,1.0,2.0,3.0,82.0,0,0,0,0,sl,23230.83,-21.95,0,0,35,120,15,20.0000,0.0073,21.95,23283.20,23173.45,23230.83,0,1
2026.03.31 00:00,,Tuesday,,,,,,,,,,,,82.0,40,40,0,0,filtered_range,,0,0,1,35,120,15
2026.04.01 00:00,,Wednesday,,,,,,,,,,,,82.0,40,40,0,0,filtered_day,,0,1,0,35,120,15
2026.04.02 00:00,,Thursday,,,,,,,,,,,,82.0,40,40,0,0,filtered_day,,0,1,0,35,120,15
2026.04.06 00:00,,Monday,,,,,,,,,,,,82.0,40,40,0,0,filtered_range,,0,0,1,35,120,15
2026.04.07 17:05,2026.04.07 19:04,Tuesday,sell,23910.45,24022.83,23798.07,23685.69,23573.31,0.01,112.4,1.0,2.0,3.0,82.0,0,0,0,0,sl,24022.83,-22.48,0,0,35,120,15,20.0000,0.0071,22.48,24090.83,23978.45,24022.83,0,1
2026.04.08 00:00,,Wednesday,,,,,,,,,,,,82.0,40,40,0,0,filtered_day,,0,1,0,35,120,15
2026.04.09 00:00,,Thursday,,,,,,,,,,,,82.0,40,40,0,0,filtered_day,,0,1,0,35,120,15
2026.04.10 17:10,2026.04.10 17:29,Friday,sell,25121.34,25184.96,25057.72,24994.10,24930.48,0.01,63.6,1.0,2.0,3.0,82.0,0,0,0,0,sl,25184.96,-12.72,0,0,35,120,15,20.0000,0.0126,12.72,25190.96,25127.34,25184.96,0,1
1970.01.01 00:00,2026.04.14 01:00,,,0.00,0.00,0.00,0.00,0.00,0.00,0.0,1.0,2.0,3.0,82.0,0,0,0,0,session,25412.55,51.82,0,0,35,120,15,0.0000,0.0000,0.00,0.00,0.00,0.00,0,0
2026.04.14 17:20,2026.04.14 20:19,Tuesday,buy,25605.45,25545.70,25665.20,25724.95,25784.70,0.01,59.8,1.0,2.0,3.0,82.0,0,0,0,0,tp3,25784.70,35.85,0,0,35,120,15,20.0000,0.0134,11.95,25602.45,25542.70,25545.70,0,1
2026.04.15 00:00,,Wednesday,,,,,,,,,,,,82.0,40,40,0,0,filtered_day,,0,1,0,35,120,15
2026.04.16 00:00,,Thursday,,,,,,,,,,,,82.0,40,40,0,0,filtered_day,,0,1,0,35,120,15
2026.04.17 00:00,,Friday,,,,,,,,,,,,82.0,40,40,0,0,filtered_atr,,0,0,0,35,120,15
2026.04.21 17:00,2026.04.21 17:54,Tuesday,buy,26684.80,26622.67,26746.93,26809.06,26871.19,0.01,62.1,1.0,2.0,3.0,82.0,0,0,0,0,sl,26622.67,-12.43,0,0,35,120,15,20.0000,0.0129,12.43,26635.08,26572.95,26622.67,0,1
2026.04.22 00:00,,Wednesday,,,,,,,,,,,,82.0,40,40,0,0,filtered_day,,0,1,0,35,120,15
2026.04.23 00:00,,Thursday,,,,,,,,,,,,82.0,40,40,0,0,filtered_day,,0,1,0,35,120,15
2026.04.24 17:00,2026.04.24 17:14,Friday,sell,27052.45,27114.20,26990.70,26928.95,26867.20,0.01,61.8,1.0,2.0,3.0,82.0,0,0,0,0,sl,27114.20,-12.35,0,0,35,120,15,20.0000,0.0130,12.35,27117.58,27055.83,27114.20,0,1
